family,features,C,validation_log_loss,validation_brier_score,validation_roc_auc,validation_accuracy_0_5,validation_mean_probability,validation_actual_home_win_rate,validation_minimum_probability,validation_maximum_probability,half_life,shrinkage_prior,srs_alpha,srs_half_life_days,pca_components
champion_plus_srs_alpha_1000_half_life_120,net_wins_diff + cumulative_margin_diff + recent_margin_evidence_diff + srs_alpha_1000_half_life_120,0.0075,0.6277426940060157,0.2175654012745305,0.7109343536045106,0.6541353383458647,0.5489672244294567,0.5213032581453634,0.11255379479479444,0.9411036913554967,,,1000.0,120.0,
champion_plus_srs_alpha_1000_half_life_120,net_wins_diff + cumulative_margin_diff + recent_margin_evidence_diff + srs_alpha_1000_half_life_120,0.01,0.6283313166627421,0.21743633587471567,0.7110098670962546,0.6541353383458647,0.5485023216650757,0.5213032581453634,0.09524734153331442,0.9523140342916326,,,1000.0,120.0,
champion_plus_srs_alpha_1000_half_life_120,net_wins_diff + cumulative_margin_diff + recent_margin_evidence_diff + srs_alpha_1000_half_life_120,0.005,0.6285649451416557,0.2183589807188553,0.7108084977849375,0.656641604010025,0.5496982974107217,0.5213032581453634,0.14568582053180446,0.9186144321681444,,,1000.0,120.0,
champion_plus_srs_alpha_1000_half_life_120,net_wins_diff + cumulative_margin_diff + recent_margin_evidence_diff + srs_alpha_1000_half_life_120,0.015,0.6301560049744718,0.21760821740113165,0.7110098670962545,0.6591478696741855,0.5478860168444993,0.5213032581453634,0.07791263700766947,0.9632013900325657,,,1000.0,120.0,
champion_plus_srs_alpha_1000_half_life_120,net_wins_diff + cumulative_margin_diff + recent_margin_evidence_diff + srs_alpha_1000_half_life_120,0.02,0.6317862310918378,0.21785577168314293,0.7108840112766814,0.6616541353383458,0.5475104111149575,0.5213032581453634,0.06957400645166122,0.9683747243735632,,,1000.0,120.0,
champion_plus_srs_alpha_1000_half_life_120,net_wins_diff + cumulative_margin_diff + recent_margin_evidence_diff + srs_alpha_1000_half_life_120,0.003,0.6331844308252087,0.22077268107577674,0.7108588401127668,0.6691729323308271,0.5504789445464408,0.5213032581453634,0.20336993849574442,0.8763700044134056,,,1000.0,120.0,
champion_plus_srs_alpha_1000_half_life_120,net_wins_diff + cumulative_margin_diff + recent_margin_evidence_diff + srs_alpha_1000_half_life_120,0.03,0.6341445769200715,0.2182456574843582,0.7111357229158277,0.6641604010025063,0.5470359667898298,0.5213032581453634,0.0618066499008988,0.9732917175039562,,,1000.0,120.0,
champion_plus_srs_alpha_1000_half_life_120,net_wins_diff + cumulative_margin_diff + recent_margin_evidence_diff + srs_alpha_1000_half_life_120,0.05,0.6368153236467512,0.2186839695607984,0.7119663713250101,0.6616541353383458,0.5463979511578427,0.5213032581453634,0.05676852150677423,0.9768843904753889,,,1000.0,120.0,
champion_plus_srs_alpha_1000_half_life_none,net_wins_diff + cumulative_margin_diff + recent_margin_evidence_diff + srs_alpha_1000_half_life_none,0.0075,0.6277255916712688,0.21756726792430087,0.710909182440596,0.6541353383458647,0.5487299598774451,0.5213032581453634,0.11242605922939708,0.9406404497676613,,,1000.0,,
champion_plus_srs_alpha_1000_half_life_none,net_wins_diff + cumulative_margin_diff + recent_margin_evidence_diff + srs_alpha_1000_half_life_none,0.01,0.6282903709477285,0.21743295228322532,0.7109343536045107,0.6541353383458647,0.5482386048823364,0.5213032581453634,0.09511657002383944,0.9518634070482836,,,1000.0,,
champion_plus_srs_alpha_1000_half_life_none,net_wins_diff + cumulative_margin_diff + recent_margin_evidence_diff + srs_alpha_1000_half_life_none,0.005,0.6285719082224582,0.21836613978635683,0.7108084977849376,0.656641604010025,0.5494994981656658,0.5213032581453634,0.14555879660526336,0.9181489263548547,,,1000.0,,
champion_plus_srs_alpha_1000_half_life_none,net_wins_diff + cumulative_margin_diff + recent_margin_evidence_diff + srs_alpha_1000_half_life_none,0.015,0.6300745983076079,0.21759618908766382,0.7108588401127668,0.6591478696741855,0.5475868523489404,0.5213032581453634,0.07778267411035392,0.9627701873517948,,,1000.0,,
champion_plus_srs_alpha_1000_half_life_none,net_wins_diff + cumulative_margin_diff + recent_margin_evidence_diff + srs_alpha_1000_half_life_none,0.02,0.6316763380946816,0.21783793098346593,0.710909182440596,0.6641604010025063,0.5471915917224168,0.5213032581453634,0.0694371084656829,0.9679599456201218,,,1000.0,,
champion_plus_srs_alpha_1000_half_life_none,net_wins_diff + cumulative_margin_diff + recent_margin_evidence_diff + srs_alpha_1000_half_life_none,0.003,0.6332032735368464,0.22078182541511676,0.7107329842931936,0.6691729323308271,0.5503308422900841,0.5213032581453634,0.20322197659501648,0.8759562069773618,,,1000.0,,
champion_plus_srs_alpha_1000_half_life_none,net_wins_diff + cumulative_margin_diff + recent_margin_evidence_diff + srs_alpha_1000_half_life_none,0.03,0.6339950525622137,0.21821992626462047,0.7111357229158275,0.6641604010025063,0.5466932279891051,0.5213032581453634,0.061663814896078264,0.9728941417056238,,,1000.0,,
champion_plus_srs_alpha_1000_half_life_none,net_wins_diff + cumulative_margin_diff + recent_margin_evidence_diff + srs_alpha_1000_half_life_none,0.05,0.6366229611345173,0.21865011800686598,0.7117650020136932,0.6616541353383458,0.5460329731372953,0.5213032581453634,0.05662141209074905,0.9764986104245416,,,1000.0,,
champion_plus_srs_alpha_100_half_life_120,net_wins_diff + cumulative_margin_diff + recent_margin_evidence_diff + srs_alpha_100_half_life_120,0.0075,0.627288149147528,0.2173374563044474,0.7106322996375353,0.6616541353383458,0.5452555927545718,0.5213032581453634,0.10910066994971071,0.9387430854804528,,,100.0,120.0,
champion_plus_srs_alpha_100_half_life_120,net_wins_diff + cumulative_margin_diff + recent_margin_evidence_diff + srs_alpha_100_half_life_120,0.005,0.6278224522901233,0.21797334058404422,0.7104812726540475,0.656641604010025,0.5463382783741714,0.5213032581453634,0.13936020855791287,0.9178085754326742,,,100.0,120.0,
champion_plus_srs_alpha_100_half_life_120,net_wins_diff + cumulative_margin_diff + recent_margin_evidence_diff + srs_alpha_100_half_life_120,0.01,0.6278971096745873,0.2172524509380307,0.7107078131292791,0.6616541353383458,0.5445851310429048,0.5213032581453634,0.09314357840447492,0.9494443596749989,,,100.0,120.0,
champion_plus_srs_alpha_100_half_life_120,net_wins_diff + cumulative_margin_diff + recent_margin_evidence_diff + srs_alpha_100_half_life_120,0.015,0.6295965362446919,0.21743549464249318,0.710909182440596,0.6641604010025063,0.5437922676912227,0.5213032581453634,0.07692859316093212,0.9601442414491412,,,100.0,120.0,
champion_plus_srs_alpha_100_half_life_120,net_wins_diff + cumulative_margin_diff + recent_margin_evidence_diff + srs_alpha_100_half_life_120,0.02,0.6311078289866258,0.21767580887109048,0.7108588401127668,0.6666666666666666,0.5433517704556543,0.5213032581453634,0.06886787327688748,0.9654686289955621,,,100.0,120.0,
champion_plus_srs_alpha_100_half_life_120,net_wins_diff + cumulative_margin_diff + recent_margin_evidence_diff + srs_alpha_100_half_life_120,0.003,0.6316713585509458,0.22002946475637794,0.7103554168344743,0.6641604010025063,0.547747791007688,0.5213032581453634,0.19237436930061816,0.8790353061751858,,,100.0,120.0,
champion_plus_srs_alpha_100_half_life_120,net_wins_diff + cumulative_margin_diff + recent_margin_evidence_diff + srs_alpha_100_half_life_120,0.03,0.6333574382761923,0.21806373598970033,0.7115636327023761,0.6616541353383458,0.5428579371967022,0.5213032581453634,0.061028665239519685,0.9707951299362872,,,100.0,120.0,
champion_plus_srs_alpha_100_half_life_120,net_wins_diff + cumulative_margin_diff + recent_margin_evidence_diff + srs_alpha_100_half_life_120,0.05,0.636039103352315,0.21852584431404534,0.7118405155054369,0.6591478696741855,0.5422974158831333,0.5213032581453634,0.05550740496388048,0.9753642298174414,,,100.0,120.0,
champion_plus_srs_alpha_100_half_life_none,net_wins_diff + cumulative_margin_diff + recent_margin_evidence_diff + srs_alpha_100_half_life_none,0.0075,0.6272778634199376,0.2172943541258891,0.7108840112766814,0.6616541353383458,0.5454936112617053,0.5213032581453634,0.10845597219200559,0.9401063938854001,,,100.0,,
champion_plus_srs_alpha_100_half_life_none,net_wins_diff + cumulative_margin_diff + recent_margin_evidence_diff + srs_alpha_100_half_life_none,0.005,0.6276453319709968,0.21786772228763884,0.7106574708014498,0.656641604010025,0.5465861683473339,0.5213032581453634,0.13839125257019247,0.9196966104300605,,,100.0,,
champion_plus_srs_alpha_100_half_life_none,net_wins_diff + cumulative_margin_diff + recent_margin_evidence_diff + srs_alpha_100_half_life_none,0.01,0.627973860502342,0.21724180808107374,0.7109091824405961,0.6616541353383458,0.544815555778503,0.5213032581453634,0.09273202910057417,0.9504722939735022,,,100.0,,
champion_plus_srs_alpha_100_half_life_none,net_wins_diff + cumulative_margin_diff + recent_margin_evidence_diff + srs_alpha_100_half_life_none,0.015,0.6297481195349133,0.21745360354997997,0.711110551751913,0.6641604010025063,0.544001742021062,0.5213032581453634,0.07667965568474111,0.9608474228283197,,,100.0,,
champion_plus_srs_alpha_100_half_life_none,net_wins_diff + cumulative_margin_diff + recent_margin_evidence_diff + srs_alpha_100_half_life_none,0.003,0.631256195722863,0.21982803659441866,0.710783326621023,0.6641604010025063,0.5479936191976875,0.5213032581453634,0.1908855373861648,0.8816833779916151,,,100.0,,
champion_plus_srs_alpha_100_half_life_none,net_wins_diff + cumulative_margin_diff + recent_margin_evidence_diff + srs_alpha_100_half_life_none,0.02,0.6312814310121833,0.217704420678204,0.7109595247684252,0.6641604010025063,0.5435476434627292,0.5213032581453634,0.06868224785413839,0.9660069034920009,,,100.0,,
champion_plus_srs_alpha_100_half_life_none,net_wins_diff + cumulative_margin_diff + recent_margin_evidence_diff + srs_alpha_100_half_life_none,0.03,0.6335307983966286,0.21809754290894512,0.7114881192106324,0.6616541353383458,0.5430474282838684,0.5213032581453634,0.0608786728060436,0.9711720063989739,,,100.0,,
champion_plus_srs_alpha_100_half_life_none,net_wins_diff + cumulative_margin_diff + recent_margin_evidence_diff + srs_alpha_100_half_life_none,0.05,0.6361659334432467,0.21855172087567767,0.7119915424889247,0.6591478696741855,0.5424499662236714,0.5213032581453634,0.05532021209057697,0.975645737438201,,,100.0,,
champion_plus_srs_alpha_300_half_life_120,net_wins_diff + cumulative_margin_diff + recent_margin_evidence_diff + srs_alpha_300_half_life_120,0.0075,0.6275399877857017,0.21748560458991287,0.7109343536045106,0.6541353383458647,0.5472963215331094,0.5213032581453634,0.11059729472781851,0.9402217438522507,,,300.0,120.0,
champion_plus_srs_alpha_300_half_life_120,net_wins_diff + cumulative_margin_diff + recent_margin_evidence_diff + srs_alpha_300_half_life_120,0.01,0.6281318246176056,0.21736789208405521,0.7109343536045106,0.6541353383458647,0.5468049285570867,0.5213032581453634,0.09354371376704994,0.9515301285738378,,,300.0,120.0,
champion_plus_srs_alpha_300_half_life_120,net_wins_diff + cumulative_margin_diff + recent_margin_evidence_diff + srs_alpha_300_half_life_120,0.005,0.6283202348808654,0.21824694788579543,0.7107329842931939,0.656641604010025,0.5481025513113004,0.5213032581453634,0.1431296837121775,0.917764732935921,,,300.0,120.0,
champion_plus_srs_alpha_300_half_life_120,net_wins_diff + cumulative_margin_diff + recent_margin_evidence_diff + srs_alpha_300_half_life_120,0.015,0.6299698820709102,0.21755583535614034,0.7108336689488521,0.6616541353383458,0.5462368053109982,0.5213032581453634,0.07640118332821134,0.9626188657639172,,,300.0,120.0,
champion_plus_srs_alpha_300_half_life_120,net_wins_diff + cumulative_margin_diff + recent_margin_evidence_diff + srs_alpha_300_half_life_120,0.02,0.631594247051348,0.21780844355148743,0.7107078131292792,0.6641604010025063,0.5459056934237031,0.5213032581453634,0.06818723548177878,0.9678923915794198,,,300.0,120.0,
champion_plus_srs_alpha_300_half_life_120,net_wins_diff + cumulative_margin_diff + recent_margin_evidence_diff + srs_alpha_300_half_life_120,0.003,0.6328045943003298,0.22058850813782993,0.71065747080145,0.6641604010025063,0.5491008869364542,0.5213032581453634,0.19973777097012418,0.876018548932856,,,300.0,120.0,
champion_plus_srs_alpha_300_half_life_120,net_wins_diff + cumulative_margin_diff + recent_margin_evidence_diff + srs_alpha_300_half_life_120,0.03,0.6339946353478285,0.21821402444838112,0.7110602094240839,0.6641604010025063,0.5454685740000751,0.5213032581453634,0.0603715161116436,0.9730143053951539,,,300.0,120.0,
champion_plus_srs_alpha_300_half_life_120,net_wins_diff + cumulative_margin_diff + recent_margin_evidence_diff + srs_alpha_300_half_life_120,0.05,0.6367553196679064,0.21867676345161657,0.7119412001610954,0.6616541353383458,0.5449655301572324,0.5213032581453634,0.05527330386557391,0.9768015454075448,,,300.0,120.0,
champion_plus_srs_alpha_300_half_life_none,net_wins_diff + cumulative_margin_diff + recent_margin_evidence_diff + srs_alpha_300_half_life_none,0.0075,0.627525131665216,0.21747838505069175,0.7109595247684252,0.6541353383458647,0.5471792898935592,0.5213032581453634,0.11044623646969076,0.9401766698733034,,,300.0,,
champion_plus_srs_alpha_300_half_life_none,net_wins_diff + cumulative_margin_diff + recent_margin_evidence_diff + srs_alpha_300_half_life_none,0.01,0.6281146425580519,0.2173649103942198,0.710833668948852,0.6541353383458647,0.5466762540173741,0.5213032581453634,0.09350149243960577,0.9513576000176923,,,300.0,,
champion_plus_srs_alpha_300_half_life_none,net_wins_diff + cumulative_margin_diff + recent_margin_evidence_diff + srs_alpha_300_half_life_none,0.005,0.6282695369755207,0.21821984966779662,0.7109595247684254,0.656641604010025,0.5480063155927944,0.5213032581453634,0.14273728300178148,0.9180019641177805,,,300.0,,
champion_plus_srs_alpha_300_half_life_none,net_wins_diff + cumulative_margin_diff + recent_margin_evidence_diff + srs_alpha_300_half_life_none,0.015,0.6298975033285047,0.21754525785883325,0.7108840112766815,0.6616541353383458,0.5460775317072817,0.5213032581453634,0.07655053224287228,0.9622725946936789,,,300.0,,
champion_plus_srs_alpha_300_half_life_none,net_wins_diff + cumulative_margin_diff + recent_margin_evidence_diff + srs_alpha_300_half_life_none,0.02,0.6314972185986247,0.2177946666765064,0.710707813129279,0.6641604010025063,0.5457693582773298,0.5213032581453634,0.06831707979394507,0.9675443583647554,,,300.0,,
champion_plus_srs_alpha_300_half_life_none,net_wins_diff + cumulative_margin_diff + recent_margin_evidence_diff + srs_alpha_300_half_life_none,0.003,0.6326563460931434,0.2205167061762117,0.7108588401127667,0.6641604010025063,0.549040422980049,0.5213032581453634,0.19893202942247462,0.8767591492570371,,,300.0,,
champion_plus_srs_alpha_300_half_life_none,net_wins_diff + cumulative_margin_diff + recent_margin_evidence_diff + srs_alpha_300_half_life_none,0.03,0.6338290276173869,0.21818646475263873,0.7111608940797423,0.6616541353383458,0.54527477498055,0.5213032581453634,0.06048027702593479,0.9726420886914007,,,300.0,,
champion_plus_srs_alpha_300_half_life_none,net_wins_diff + cumulative_margin_diff + recent_margin_evidence_diff + srs_alpha_300_half_life_none,0.05,0.6365003846950362,0.2186311901679992,0.7118656866693516,0.6616541353383458,0.5448259661091629,0.5213032581453634,0.055447417258369935,0.9763928982313396,,,300.0,,
cumulative_plus_recent,cumulative_margin_diff + recent_margin_evidence_diff,0.01,0.6265561581898967,0.2171089355291156,0.7117650020136931,0.6541353383458647,0.5453384696845931,0.5213032581453634,0.11481328120949998,0.9395096375845003,,,,,
cumulative_plus_recent,cumulative_margin_diff + recent_margin_evidence_diff,0.0075,0.6270999322868537,0.2176602328269463,0.7114126057188884,0.6516290726817042,0.546314837538641,0.5213032581453634,0.1385951150638604,0.9236592015179306,,,,,
cumulative_plus_recent,cumulative_margin_diff + recent_margin_evidence_diff,0.015,0.6275329898680068,0.21696165044644072,0.7120167136528394,0.6616541353383458,0.5440351136618271,0.5213032581453634,0.09034847285975764,0.9550866882560127,,,,,
cumulative_plus_recent,cumulative_margin_diff + recent_margin_evidence_diff,0.02,0.6290385735736698,0.2171407618582776,0.7120670559806686,0.6491228070175439,0.5432266454409714,0.5213032581453634,0.07828523805328036,0.9625126740315361,,,,,
cumulative_plus_recent,cumulative_margin_diff + recent_margin_evidence_diff,0.005,0.6301404430417283,0.21931746711730352,0.711110551751913,0.6541353383458647,0.5476640010269892,0.5213032581453634,0.18206503560257603,0.8929121067049709,,,,,
cumulative_plus_recent,cumulative_margin_diff + recent_margin_evidence_diff,0.03,0.6316925017338836,0.21758474512863568,0.712369109947644,0.6541353383458647,0.542293791837401,0.5213032581453634,0.06681454508787243,0.9696567551605089,,,,,
cumulative_plus_recent,cumulative_margin_diff + recent_margin_evidence_diff,0.05,0.635143572408815,0.21823080811235998,0.7125453080950463,0.656641604010025,0.541423485358455,0.5213032581453634,0.05870367626210049,0.9759621640573597,,,,,
cumulative_plus_recent,cumulative_margin_diff + recent_margin_evidence_diff,0.003,0.63790442675236,0.22305895099706413,0.7111357229158276,0.656641604010025,0.5490527649792469,0.5213032581453634,0.2512181394277357,0.83952932453667,,,,,
net_wins_plus_cumulative,net_wins_diff + cumulative_margin_diff,0.01,0.6293048874912929,0.21836278335793222,0.7091346153846153,0.656641604010025,0.5492528939578011,0.5213032581453634,0.14329232756419935,0.9271182712868762,,,,,
net_wins_plus_cumulative,net_wins_diff + cumulative_margin_diff,0.0075,0.6299141893282105,0.21892778414472217,0.7088073902537253,0.6616541353383458,0.54997330487353,0.5213032581453634,0.16836778758631615,0.9097039853345993,,,,,
net_wins_plus_cumulative,net_wins_diff + cumulative_margin_diff,0.015,0.6299415508379809,0.2181196972904404,0.7097638944824809,0.6541353383458647,0.5481591227936589,0.5213032581453634,0.1161600162604282,0.9451303318562886,,,,,
net_wins_plus_cumulative,net_wins_diff + cumulative_margin_diff,0.02,0.6310559566548868,0.21818492579529825,0.7102673177607732,0.6541353383458647,0.5473722952879012,0.5213032581453634,0.10201066457398289,0.9542637118303664,,,,,
net_wins_plus_cumulative,net_wins_diff + cumulative_margin_diff,0.005,0.6327965909192433,0.22051969165983037,0.7087822190898108,0.6541353383458647,0.5508425258447265,0.5213032581453634,0.2122384287984462,0.8773091654362937,,,,,
net_wins_plus_cumulative,net_wins_diff + cumulative_margin_diff,0.03,0.6330034826581468,0.21841395235730085,0.710745569875151,0.6541353383458647,0.5462602302829858,0.5213032581453634,0.08770377876325205,0.96352436369098,,,,,
net_wins_plus_cumulative,net_wins_diff + cumulative_margin_diff,0.05,0.6354576826038031,0.21872757106243348,0.7114000201369313,0.6541353383458647,0.5449118600976419,0.5213032581453634,0.07659789152708711,0.9712551851222556,,,,,
net_wins_plus_cumulative,net_wins_diff + cumulative_margin_diff,0.003,0.6400457073918325,0.22405469226958558,0.7085556786145791,0.6641604010025063,0.5515394970866951,0.5213032581453634,0.2786373459922074,0.8236709239041516,,,,,
net_wins_plus_recent,net_wins_diff + recent_margin_evidence_diff,0.015,0.6299088512228177,0.21862808369109737,0.7075614176399515,0.6491228070175439,0.5476517867716146,0.5213032581453634,0.08592409923799796,0.9501376497551394,,,,,
net_wins_plus_recent,net_wins_diff + recent_margin_evidence_diff,0.01,0.6300342835132627,0.2190527028966479,0.7075110753121224,0.6516290726817042,0.5485004034907388,0.5213032581453634,0.11138423095164048,0.9332253643926688,,,,,
net_wins_plus_recent,net_wins_diff + recent_margin_evidence_diff,0.02,0.6306102879854559,0.21863346650662227,0.7074355618203785,0.6491228070175439,0.5471073346298991,0.5213032581453634,0.07311181625997833,0.958376630720348,,,,,
net_wins_plus_recent,net_wins_diff + recent_margin_evidence_diff,0.0075,0.6312574949065113,0.2198010786485809,0.707410390656464,0.6541353383458647,0.549122571521079,0.5213032581453634,0.13589287554153065,0.9163260897262803,,,,,
net_wins_plus_recent,net_wins_diff + recent_margin_evidence_diff,0.03,0.6321598132270121,0.21887161742233444,0.7072845348368908,0.6491228070175439,0.5464868984645973,0.5213032581453634,0.06050467310045145,0.9662977206479387,,,,,
net_wins_plus_recent,net_wins_diff + recent_margin_evidence_diff,0.05,0.6343409849272027,0.2193152768183007,0.7067055980668546,0.6541353383458647,0.5459536294038281,0.5213032581453634,0.05078317889132044,0.9722714809823455,,,,,
net_wins_plus_recent,net_wins_diff + recent_margin_evidence_diff,0.005,0.6349759300118115,0.221677782078508,0.7075614176399516,0.6591478696741855,0.5499206510661446,0.5213032581453634,0.18043608036544584,0.8841594976338467,,,,,
net_wins_plus_recent,net_wins_diff + recent_margin_evidence_diff,0.003,0.6429828043729294,0.22550398350386094,0.7076117599677809,0.656641604010025,0.5506389345815207,0.5213032581453634,0.25085838512586695,0.8296874670631028,,,,,
pca_1_component,PCA(net_wins_diff + cumulative_margin_diff + recent_margin_evidence_diff),0.0075,0.6277440643059384,0.21760685235214175,0.7104309303262184,0.656641604010025,0.5471912754231935,0.5213032581453634,0.10599597673785362,0.9418398297965436,,,,,1.0
pca_1_component,PCA(net_wins_diff + cumulative_margin_diff + recent_margin_evidence_diff),0.01,0.6283181509794439,0.2174970808559697,0.7104309303262184,0.6516290726817042,0.5463804395707444,0.5213032581453634,0.08832561136556934,0.9529997337894377,,,,,1.0
pca_1_component,PCA(net_wins_diff + cumulative_margin_diff + recent_margin_evidence_diff),0.005,0.6285536426233358,0.21837190074889468,0.7104309303262184,0.6541353383458647,0.5483531989502343,0.5213032581453634,0.13972870122838624,0.919426594359002,,,,,1.0
pca_1_component,PCA(net_wins_diff + cumulative_margin_diff + recent_margin_evidence_diff),0.015,0.6301117444436677,0.21770661473045544,0.7104309303262184,0.6541353383458647,0.5453483793410849,0.5213032581453634,0.07031749793210355,0.9639264834323803,,,,,1.0
pca_1_component,PCA(net_wins_diff + cumulative_margin_diff + recent_margin_evidence_diff),0.02,0.6316927464163697,0.21798310891591727,0.7104309303262184,0.6541353383458647,0.5447170252044911,0.5213032581453634,0.06138456787898794,0.9691604784904606,,,,,1.0
pca_1_component,PCA(net_wins_diff + cumulative_margin_diff + recent_margin_evidence_diff),0.003,0.6331567989022991,0.2207645756767572,0.7104309303262184,0.6616541353383458,0.5496442633123179,0.5213032581453634,0.19835371218356404,0.8773170459470734,,,,,1.0
pca_1_component,PCA(net_wins_diff + cumulative_margin_diff + recent_margin_evidence_diff),0.03,0.6339309221036101,0.21841617970463134,0.7104309303262184,0.656641604010025,0.5439897707317056,0.5213032581453634,0.052552793099436355,0.9742041199328526,,,,,1.0
pca_1_component,PCA(net_wins_diff + cumulative_margin_diff + recent_margin_evidence_diff),0.05,0.6363460761643933,0.21890544066696327,0.7104309303262184,0.656641604010025,0.5433244495878322,0.5213032581453634,0.04561291462163122,0.9780684220073181,,,,,1.0
pca_2_component,PCA(net_wins_diff + cumulative_margin_diff + recent_margin_evidence_diff),0.0075,0.6278870752697857,0.21766758651686188,0.7106071284736206,0.6516290726817042,0.5474703808698729,0.5213032581453634,0.10884807051680219,0.9403603464399957,,,,,2.0
pca_2_component,PCA(net_wins_diff + cumulative_margin_diff + recent_margin_evidence_diff),0.01,0.6284797523984247,0.21756615554203307,0.7104812726540475,0.6541353383458647,0.5467290040146281,0.5213032581453634,0.09136343584279315,0.9514849722083227,,,,,2.0
pca_2_component,PCA(net_wins_diff + cumulative_margin_diff + recent_margin_evidence_diff),0.005,0.6286710545622899,0.2184217921372369,0.7107329842931936,0.6616541353383458,0.5485573074663161,0.5213032581453634,0.14222365802211817,0.9180546277629763,,,,,2.0
pca_2_component,PCA(net_wins_diff + cumulative_margin_diff + recent_margin_evidence_diff),0.015,0.630311376422243,0.21779300532329235,0.7104812726540476,0.656641604010025,0.5458153005791475,0.5213032581453634,0.07366429340678055,0.9623336839149653,,,,,2.0
pca_2_component,PCA(net_wins_diff + cumulative_margin_diff + recent_margin_evidence_diff),0.02,0.6319381560584767,0.21808789806035186,0.7106071284736206,0.6641604010025063,0.5452848287745222,0.5213032581453634,0.06493615784187706,0.9675214673856368,,,,,2.0
pca_2_component,PCA(net_wins_diff + cumulative_margin_diff + recent_margin_evidence_diff),0.003,0.6332487994408864,0.22080503832808548,0.7106322996375353,0.6616541353383458,0.5497784644209053,0.5213032581453634,0.20043204661784111,0.8760648642501547,,,,,2.0
pca_2_component,PCA(net_wins_diff + cumulative_margin_diff + recent_margin_evidence_diff),0.03,0.6342319229539474,0.21855003962048813,0.7105064438179622,0.6616541353383458,0.5447022662321206,0.5213032581453634,0.05660077369722722,0.9723771428217096,,,,,2.0
pca_2_component,PCA(net_wins_diff + cumulative_margin_diff + recent_margin_evidence_diff),0.05,0.6367545173495274,0.2190881917405074,0.7103302456705598,0.6641604010025063,0.5442355881540846,0.5213032581453634,0.05023923279434469,0.976032350421363,,,,,2.0
pure_ewma_half_life_12,net_wins_diff + cumulative_margin_diff + pure_ewma_12_diff,0.015,0.6290649243417589,0.21799741764063743,0.709197543294402,0.6641604010025063,0.5492082017000584,0.5213032581453634,0.12646840302218604,0.9357903640135351,12.0,,,,
pure_ewma_half_life_12,net_wins_diff + cumulative_margin_diff + pure_ewma_12_diff,0.01,0.6291330731672038,0.21840679149798545,0.7093989126057189,0.6591478696741855,0.5499716284954216,0.5213032581453634,0.15008906734752206,0.9191654097923463,12.0,,,,
pure_ewma_half_life_12,net_wins_diff + cumulative_margin_diff + pure_ewma_12_diff,0.02,0.6295017159027357,0.2178980774578605,0.709726137736609,0.6641604010025063,0.548647114269654,0.5213032581453634,0.11409508409995507,0.9444671715845719,12.0,,,,
pure_ewma_half_life_12,net_wins_diff + cumulative_margin_diff + pure_ewma_12_diff,0.0075,0.6299688322862756,0.21900633736532782,0.709122029802658,0.6541353383458647,0.5504793172372191,0.5213032581453634,0.17190864482479007,0.9034321598229978,12.0,,,,
pure_ewma_half_life_12,net_wins_diff + cumulative_margin_diff + pure_ewma_12_diff,0.03,0.6303938692147306,0.21788017030447113,0.7104057591623036,0.6591478696741855,0.5478229023880151,0.5213032581453634,0.10165954596390946,0.9534824086023111,12.0,,,,
pure_ewma_half_life_12,net_wins_diff + cumulative_margin_diff + pure_ewma_12_diff,0.05,0.6316570107589641,0.2179350620048396,0.7111860652436569,0.6541353383458647,0.5467422463887365,0.5213032581453634,0.09169806704236691,0.9615786317440518,12.0,,,,
pure_ewma_half_life_12,net_wins_diff + cumulative_margin_diff + pure_ewma_12_diff,0.005,0.6327243079947312,0.22049313635365092,0.7091723721304873,0.6616541353383458,0.5511039252056859,0.5213032581453634,0.2104674069634116,0.8744277712157568,12.0,,,,
pure_ewma_half_life_12,net_wins_diff + cumulative_margin_diff + pure_ewma_12_diff,0.003,0.6392606334548473,0.22368152849106332,0.7090716874748288,0.656641604010025,0.5516201898119372,0.5213032581453634,0.2705325345798811,0.8262255287425389,12.0,,,,
pure_ewma_half_life_16,net_wins_diff + cumulative_margin_diff + pure_ewma_16_diff,0.01,0.6291280452072132,0.2183902404986301,0.7088954893274264,0.6616541353383458,0.549635255549759,0.5213032581453634,0.1464962780556836,0.9219726538888422,16.0,,,,
pure_ewma_half_life_16,net_wins_diff + cumulative_margin_diff + pure_ewma_16_diff,0.015,0.6292465314082931,0.21803371932519452,0.7093989126057189,0.6591478696741855,0.5487725784049758,0.5213032581453634,0.12218187270408125,0.9388749359727363,16.0,,,,
pure_ewma_half_life_16,net_wins_diff + cumulative_margin_diff + pure_ewma_16_diff,0.02,0.6298551956515483,0.21798015597279144,0.7096254530809505,0.6591478696741855,0.5481431135072994,0.5213032581453634,0.10940296860891469,0.947676723648937,16.0,,,,
pure_ewma_half_life_16,net_wins_diff + cumulative_margin_diff + pure_ewma_16_diff,0.0075,0.6298890427410374,0.21896919950452984,0.7091220298026581,0.6591478696741855,0.5502083085082271,0.5213032581453634,0.16898922555114487,0.9058837542130115,16.0,,,,
pure_ewma_half_life_16,net_wins_diff + cumulative_margin_diff + pure_ewma_16_diff,0.03,0.6310261146215005,0.2180302226761416,0.7100533628674989,0.656641604010025,0.5472132794760447,0.5213032581453634,0.09639352544716943,0.956852076037962,16.0,,,,
pure_ewma_half_life_16,net_wins_diff + cumulative_margin_diff + pure_ewma_16_diff,0.05,0.6325849422340981,0.2181526325509612,0.7101540475231575,0.6591478696741855,0.546066062713193,0.5213032581453634,0.08621522269194684,0.9648362844825997,16.0,,,,
pure_ewma_half_life_16,net_wins_diff + cumulative_margin_diff + pure_ewma_16_diff,0.005,0.6326297311242931,0.22045612980000728,0.7090465163109143,0.6616541353383458,0.5509023696332329,0.5213032581453634,0.20863689361335463,0.8762026634801648,16.0,,,,
pure_ewma_half_life_16,net_wins_diff + cumulative_margin_diff + pure_ewma_16_diff,0.003,0.6392687964629501,0.223690602761204,0.7089710028191704,0.6641604010025063,0.5514743006950308,0.5213032581453634,0.27008599376892634,0.8267452288872411,16.0,,,,
pure_ewma_half_life_24,net_wins_diff + cumulative_margin_diff + pure_ewma_24_diff,0.01,0.6291257067462525,0.21838888079631522,0.7090213451469995,0.6641604010025063,0.5492974731334895,0.5213032581453634,0.14111808548081023,0.9246382888818099,24.0,,,,
pure_ewma_half_life_24,net_wins_diff + cumulative_margin_diff + pure_ewma_24_diff,0.015,0.629427436459101,0.21808664236592806,0.709323399113975,0.6541353383458647,0.5483530611972077,0.5213032581453634,0.11634961602403379,0.941742022735094,24.0,,,,
pure_ewma_half_life_24,net_wins_diff + cumulative_margin_diff + pure_ewma_24_diff,0.0075,0.6298126159235992,0.21894510461104355,0.7088703181635119,0.6616541353383458,0.5499301433144984,0.5213032581453634,0.1641460373288367,0.9082536048020937,24.0,,,,
pure_ewma_half_life_24,net_wins_diff + cumulative_margin_diff + pure_ewma_24_diff,0.02,0.6302023537903598,0.21807949324533174,0.7098771647200967,0.656641604010025,0.547667865368973,0.5213032581453634,0.10339381165960419,0.9505776476793677,24.0,,,,
pure_ewma_half_life_24,net_wins_diff + cumulative_margin_diff + pure_ewma_24_diff,0.03,0.6316249652959035,0.21819473054781957,0.7101288763592428,0.6591478696741855,0.5466970007542641,0.5213032581453634,0.09024156370817026,0.9597285831975965,24.0,,,,
pure_ewma_half_life_24,net_wins_diff + cumulative_margin_diff + pure_ewma_24_diff,0.005,0.6325518835123226,0.2204349945349462,0.7084675795408779,0.656641604010025,0.5507059665095536,0.5213032581453634,0.2048102143194133,0.8779210004912787,24.0,,,,
pure_ewma_half_life_24,net_wins_diff + cumulative_margin_diff + pure_ewma_24_diff,0.05,0.6334500672187883,0.2183774052622615,0.7103805879983891,0.6541353383458647,0.5454463627868702,0.5213032581453634,0.0800347503715139,0.9675630576797833,24.0,,,,
pure_ewma_half_life_24,net_wins_diff + cumulative_margin_diff + pure_ewma_24_diff,0.003,0.6393131438936407,0.22372111892426624,0.7081906967378172,0.6641604010025063,0.551347650535302,0.5213032581453634,0.2678545876792963,0.8273866671961368,24.0,,,,
pure_ewma_half_life_5,net_wins_diff + cumulative_margin_diff + pure_ewma_5_diff,0.015,0.6291641370321032,0.2182483025497936,0.7103302456705598,0.656641604010025,0.5504656780638004,0.5213032581453634,0.13214176307425332,0.9345692916634213,5.0,,,,
pure_ewma_half_life_5,net_wins_diff + cumulative_margin_diff + pure_ewma_5_diff,0.02,0.6292225486094838,0.2180892827714594,0.7101540475231574,0.6541353383458647,0.5501825387896881,0.5213032581453634,0.12216543393823064,0.9413043494800747,5.0,,,,
pure_ewma_half_life_5,net_wins_diff + cumulative_margin_diff + pure_ewma_5_diff,0.03,0.6295091043901108,0.21798190186707642,0.7104309303262182,0.6541353383458647,0.5498034758442129,0.5213032581453634,0.1126489403344868,0.947870846867895,5.0,,,,
pure_ewma_half_life_5,net_wins_diff + cumulative_margin_diff + pure_ewma_5_diff,0.01,0.6295827905681785,0.21870605541084867,0.7104812726540475,0.6541353383458647,0.5508632567133872,0.5213032581453634,0.15245388512390937,0.9207083679366805,5.0,,,,
pure_ewma_half_life_5,net_wins_diff + cumulative_margin_diff + pure_ewma_5_diff,0.05,0.6299315809123407,0.21792772781827194,0.7107329842931938,0.656641604010025,0.5492108269713212,0.5213032581453634,0.10611434857035705,0.9528603308450049,5.0,,,,
pure_ewma_half_life_5,net_wins_diff + cumulative_margin_diff + pure_ewma_5_diff,0.0075,0.630511650471492,0.21930001221144063,0.710254732178816,0.6541353383458647,0.5511730737689323,0.5213032581453634,0.1718174375284935,0.907102500359972,5.0,,,,
pure_ewma_half_life_5,net_wins_diff + cumulative_margin_diff + pure_ewma_5_diff,0.005,0.6331877438336967,0.22071919872747867,0.7102295610149013,0.6641604010025063,0.5515620241921472,0.5213032581453634,0.20728269960692636,0.8809703433129235,5.0,,,,
pure_ewma_half_life_5,net_wins_diff + cumulative_margin_diff + pure_ewma_5_diff,0.003,0.6393753103025995,0.22373696542799723,0.710380587998389,0.6616541353383458,0.5519041609094307,0.5213032581453634,0.26437522449260314,0.8355918893219346,5.0,,,,
pure_ewma_half_life_8,net_wins_diff + cumulative_margin_diff + pure_ewma_8_diff,0.015,0.6288857849233731,0.21801518962794542,0.7105567861457913,0.656641604010025,0.5499131118081462,0.5213032581453634,0.13102348256120833,0.9322232465707577,8.0,,,,
pure_ewma_half_life_8,net_wins_diff + cumulative_margin_diff + pure_ewma_8_diff,0.02,0.6290623220495495,0.21785391108177835,0.7108336689488521,0.6591478696741855,0.5494946240538552,0.5213032581453634,0.11968474668635462,0.9398469331851561,8.0,,,,
pure_ewma_half_life_8,net_wins_diff + cumulative_margin_diff + pure_ewma_8_diff,0.01,0.6292231190923402,0.21849015780064326,0.7099526782118406,0.6641604010025063,0.5504932128075758,0.5213032581453634,0.15306940138930888,0.9171196182521775,8.0,,,,
pure_ewma_half_life_8,net_wins_diff + cumulative_margin_diff + pure_ewma_8_diff,0.03,0.6295368402869035,0.21774220898101057,0.7116139750302055,0.6616541353383458,0.5488490909658821,0.5213032581453634,0.10854999573749043,0.9473695834737366,8.0,,,,
pure_ewma_half_life_8,net_wins_diff + cumulative_margin_diff + pure_ewma_8_diff,0.0075,0.6301575975383222,0.2191098323670963,0.7098268223922674,0.6641604010025063,0.5508999685391789,0.5213032581453634,0.17358299502677177,0.9026000908166014,8.0,,,,
pure_ewma_half_life_8,net_wins_diff + cumulative_margin_diff + pure_ewma_8_diff,0.05,0.6302589954552994,0.21768620049884102,0.7118153443415224,0.6641604010025063,0.5480065035088487,0.5213032581453634,0.09993730338226914,0.9545020522765035,8.0,,,,
pure_ewma_half_life_8,net_wins_diff + cumulative_margin_diff + pure_ewma_8_diff,0.005,0.6329229725857085,0.22058631781075366,0.7097764800644382,0.6591478696741855,0.5513933410576747,0.5213032581453634,0.21045586372189845,0.8752270056349383,8.0,,,,
pure_ewma_half_life_8,net_wins_diff + cumulative_margin_diff + pure_ewma_8_diff,0.003,0.6393032077859471,0.22369963192789805,0.7094995972613773,0.6591478696741855,0.5517974423122197,0.5213032581453634,0.2686890561261604,0.8287016299279203,8.0,,,,
shrunk_ewma_half_life_12_prior_10,net_wins_diff + cumulative_margin_diff + shrunk_ewma_12_prior_10_diff,0.01,0.628709519995637,0.21812836901472082,0.7094492549335483,0.6541353383458647,0.5486273231115731,0.5213032581453634,0.1374922036484083,0.9253496606898625,12.0,10.0,,,
shrunk_ewma_half_life_12_prior_10,net_wins_diff + cumulative_margin_diff + shrunk_ewma_12_prior_10_diff,0.015,0.6289361108075255,0.21783599269474496,0.7100030205396698,0.6591478696741855,0.5477770649427189,0.5213032581453634,0.11579849133987465,0.9398595745170235,12.0,10.0,,,
shrunk_ewma_half_life_12_prior_10,net_wins_diff + cumulative_margin_diff + shrunk_ewma_12_prior_10_diff,0.0075,0.6292654185043833,0.21861693373387825,0.7092730567861458,0.6616541353383458,0.5492284960632293,0.5213032581453634,0.15787060228056807,0.9112530495172171,12.0,10.0,,,
shrunk_ewma_half_life_12_prior_10,net_wins_diff + cumulative_margin_diff + shrunk_ewma_12_prior_10_diff,0.02,0.6295070275937736,0.21779418167151518,0.7098771647200968,0.6591478696741855,0.5471839894701566,0.5213032581453634,0.10465597556273651,0.9471600832865671,12.0,10.0,,,
shrunk_ewma_half_life_12_prior_10,net_wins_diff + cumulative_margin_diff + shrunk_ewma_12_prior_10_diff,0.03,0.6305013719181314,0.2178313603802183,0.7094744260974627,0.656641604010025,0.5463209941525813,0.5213032581453634,0.09364944063164621,0.9546751053201498,12.0,10.0,,,
shrunk_ewma_half_life_12_prior_10,net_wins_diff + cumulative_margin_diff + shrunk_ewma_12_prior_10_diff,0.005,0.6315490810941616,0.21990861927290384,0.7095499395892065,0.6616541353383458,0.5500276654927492,0.5213032581453634,0.19450026206566173,0.8847026818727987,12.0,10.0,,,
shrunk_ewma_half_life_12_prior_10,net_wins_diff + cumulative_margin_diff + shrunk_ewma_12_prior_10_diff,0.05,0.6318306698258205,0.21793959861735612,0.7108840112766814,0.6616541353383458,0.5452765088837765,0.5213032581453634,0.08501643963547398,0.9619923370226967,12.0,10.0,,,
shrunk_ewma_half_life_12_prior_10,net_wins_diff + cumulative_margin_diff + shrunk_ewma_12_prior_10_diff,0.003,0.6375102811529324,0.2228428976006688,0.7096254530809505,0.6591478696741855,0.5508026631406944,0.5213032581453634,0.2533510934222222,0.8387937837030136,12.0,10.0,,,
shrunk_ewma_half_life_12_prior_20,net_wins_diff + cumulative_margin_diff + shrunk_ewma_12_prior_20_diff,0.01,0.6285256867701349,0.2179631224359089,0.7098268223922675,0.6541353383458647,0.548177644102164,0.5213032581453634,0.12911653857892016,0.9304430924287912,12.0,20.0,,,
shrunk_ewma_half_life_12_prior_20,net_wins_diff + cumulative_margin_diff + shrunk_ewma_12_prior_20_diff,0.0075,0.6288860052234452,0.2183875848468291,0.7097009665726942,0.6616541353383458,0.5488362586302181,0.5213032581453634,0.14918671830292327,0.916766921756218,12.0,20.0,,,
shrunk_ewma_half_life_12_prior_20,net_wins_diff + cumulative_margin_diff + shrunk_ewma_12_prior_20_diff,0.015,0.6290407460928421,0.21775705694157918,0.7101288763592427,0.6591478696741855,0.5472568877651885,0.5213032581453634,0.10779974633275297,0.9444820465395669,12.0,20.0,,,
shrunk_ewma_half_life_12_prior_20,net_wins_diff + cumulative_margin_diff + shrunk_ewma_12_prior_20_diff,0.02,0.6298146387160002,0.21777216384390047,0.7099526782118406,0.6591478696741855,0.5466190053226206,0.5213032581453634,0.09689279460828598,0.9515108694343147,12.0,20.0,,,
shrunk_ewma_half_life_12_prior_20,net_wins_diff + cumulative_margin_diff + shrunk_ewma_12_prior_20_diff,0.005,0.6309274176613309,0.21959393378150668,0.7098016512283528,0.6616541353383458,0.5497176236607589,0.5213032581453634,0.18561322774541,0.8907366463232482,12.0,20.0,,,
shrunk_ewma_half_life_12_prior_20,net_wins_diff + cumulative_margin_diff + shrunk_ewma_12_prior_20_diff,0.03,0.6310872401161906,0.21788285173007152,0.7096002819170358,0.6616541353383458,0.5457103721141722,0.5213032581453634,0.08609775508696556,0.9584650855554565,12.0,20.0,,,
shrunk_ewma_half_life_12_prior_20,net_wins_diff + cumulative_margin_diff + shrunk_ewma_12_prior_20_diff,0.05,0.632721548263262,0.21806845543372952,0.7110602094240838,0.6616541353383458,0.5445941963273018,0.5213032581453634,0.07768021838490825,0.9653083280122137,12.0,20.0,,,
shrunk_ewma_half_life_12_prior_20,net_wins_diff + cumulative_margin_diff + shrunk_ewma_12_prior_20_diff,0.003,0.6366740978965405,0.2224422794903467,0.7095751107531212,0.656641604010025,0.5505952121989407,0.5213032581453634,0.2446905973956782,0.8452555924074617,12.0,20.0,,,
shrunk_ewma_half_life_12_prior_40,net_wins_diff + cumulative_margin_diff + shrunk_ewma_12_prior_40_diff,0.01,0.6283544281937937,0.21778385894628502,0.7101792186870721,0.6541353383458647,0.5476967924170563,0.5213032581453634,0.11952137156791982,0.9361939774184376,12.0,40.0,,,
shrunk_ewma_half_life_12_prior_40,net_wins_diff + cumulative_margin_diff + shrunk_ewma_12_prior_40_diff,0.0075,0.628481217442871,0.2181333602677568,0.710053362867499,0.656641604010025,0.5484115259545926,0.5213032581453634,0.13912715505051534,0.9230541693423919,12.0,40.0,,,
shrunk_ewma_half_life_12_prior_40,net_wins_diff + cumulative_margin_diff + shrunk_ewma_12_prior_40_diff,0.015,0.6292132752736869,0.21767940816948672,0.7101792186870721,0.6591478696741855,0.5467101182424207,0.5213032581453634,0.09885576968288257,0.9495811921058988,12.0,40.0,,,
shrunk_ewma_half_life_12_prior_40,net_wins_diff + cumulative_margin_diff + shrunk_ewma_12_prior_40_diff,0.02,0.6302259584934564,0.21776064856889915,0.7099778493757551,0.6616541353383458,0.5460353717222679,0.5213032581453634,0.08836900840661402,0.9562284663714582,12.0,40.0,,,
shrunk_ewma_half_life_12_prior_40,net_wins_diff + cumulative_margin_diff + shrunk_ewma_12_prior_40_diff,0.005,0.6302295370184503,0.21923773180926867,0.7099023358840113,0.6616541353383458,0.5493796442684002,0.5213032581453634,0.1751101355497602,0.8977545799839477,12.0,40.0,,,
shrunk_ewma_half_life_12_prior_40,net_wins_diff + cumulative_margin_diff + shrunk_ewma_12_prior_40_diff,0.03,0.6318142736263908,0.21795408563061433,0.7098771647200967,0.6591478696741855,0.5450891826610705,0.5213032581453634,0.07805623768039259,0.9627647950725495,12.0,40.0,,,
shrunk_ewma_half_life_12_prior_40,net_wins_diff + cumulative_margin_diff + shrunk_ewma_12_prior_40_diff,0.05,0.633815368799713,0.21822910216722044,0.7112867498993154,0.6616541353383458,0.5439490373439801,0.5213032581453634,0.07006653828927525,0.9689031098752053,12.0,40.0,,,
shrunk_ewma_half_life_12_prior_40,net_wins_diff + cumulative_margin_diff + shrunk_ewma_12_prior_40_diff,0.003,0.6357196720523954,0.22198507574695373,0.7097261377366091,0.6591478696741855,0.5503695527503678,0.5213032581453634,0.23430511262747167,0.8528816659944426,12.0,40.0,,,
shrunk_ewma_half_life_12_prior_5,net_wins_diff + cumulative_margin_diff + shrunk_ewma_12_prior_5_diff,0.01,0.6288653125599936,0.2182519507024385,0.7094240837696334,0.6591478696741855,0.5490081426702247,0.5213032581453634,0.14348503962458578,0.9217138161179086,12.0,5.0,,,
shrunk_ewma_half_life_12_prior_5,net_wins_diff + cumulative_margin_diff + shrunk_ewma_12_prior_5_diff,0.015,0.6289013844360178,0.21789965571692374,0.7098519935561819,0.6591478696741855,0.54821374915099,0.5213032581453634,0.12149640037257468,0.936586124623752,12.0,5.0,,,
shrunk_ewma_half_life_12_prior_5,net_wins_diff + cumulative_margin_diff + shrunk_ewma_12_prior_5_diff,0.02,0.6293433444837814,0.21781951361117047,0.7100533628674991,0.6591478696741855,0.5476559103893773,0.5213032581453634,0.11016837509452589,0.9440973633242585,12.0,5.0,,,
shrunk_ewma_half_life_12_prior_5,net_wins_diff + cumulative_margin_diff + shrunk_ewma_12_prior_5_diff,0.0075,0.6295543372199415,0.21878484098134404,0.7095247684252919,0.6616541353383458,0.5495729344589927,0.5213032581453634,0.16401109144192597,0.9073683328272162,12.0,5.0,,,
shrunk_ewma_half_life_12_prior_5,net_wins_diff + cumulative_margin_diff + shrunk_ewma_12_prior_5_diff,0.03,0.6301607194496964,0.21780724420961942,0.7100281917035844,0.656641604010025,0.5468235014907294,0.5213032581453634,0.09903359844810461,0.9523439919873844,12.0,5.0,,,
shrunk_ewma_half_life_12_prior_5,net_wins_diff + cumulative_margin_diff + shrunk_ewma_12_prior_5_diff,0.05,0.6313043542264954,0.2178636915789541,0.7106071284736206,0.6616541353383458,0.5458277826087202,0.5213032581453634,0.09021411252245384,0.9598996664771481,12.0,5.0,,,
shrunk_ewma_half_life_12_prior_5,net_wins_diff + cumulative_margin_diff + shrunk_ewma_12_prior_5_diff,0.005,0.6320158613332003,0.2201430860111332,0.709851993556182,0.6666666666666666,0.5502976589186223,0.5213032581453634,0.20092766023052736,0.8803256494826724,12.0,5.0,,,
shrunk_ewma_half_life_12_prior_5,net_wins_diff + cumulative_margin_diff + shrunk_ewma_12_prior_5_diff,0.003,0.6381441437550185,0.2231465624990474,0.7097009665726943,0.656641604010025,0.5509889894870731,0.5213032581453634,0.2596780910905925,0.8340477269466705,12.0,5.0,,,
shrunk_ewma_half_life_16_prior_10,net_wins_diff + cumulative_margin_diff + shrunk_ewma_16_prior_10_diff,0.01,0.6288064821391959,0.218183251873165,0.7091975432944018,0.656641604010025,0.5484673448389807,0.5213032581453634,0.13536550528151375,0.926121431191661,16.0,10.0,,,
shrunk_ewma_half_life_16_prior_10,net_wins_diff + cumulative_margin_diff + shrunk_ewma_16_prior_10_diff,0.015,0.6292124530436828,0.21793718226106712,0.7092730567861458,0.6591478696741855,0.5475321847200483,0.5213032581453634,0.11260882863507224,0.9419539154379795,16.0,10.0,,,
shrunk_ewma_half_life_16_prior_10,net_wins_diff + cumulative_margin_diff + shrunk_ewma_16_prior_10_diff,0.0075,0.6293117801647294,0.21865952715256604,0.7088199758356826,0.6541353383458647,0.5491250251467243,0.5213032581453634,0.15658267437478696,0.9114302269566813,16.0,10.0,,,
shrunk_ewma_half_life_16_prior_10,net_wins_diff + cumulative_margin_diff + shrunk_ewma_16_prior_10_diff,0.02,0.6299691194233574,0.21794087987380067,0.7094240837696336,0.656641604010025,0.5468734918346616,0.5213032581453634,0.1008300320213215,0.9501514226441264,16.0,10.0,,,
shrunk_ewma_half_life_16_prior_10,net_wins_diff + cumulative_margin_diff + shrunk_ewma_16_prior_10_diff,0.03,0.6312888776383049,0.21804968496648452,0.7099275070479258,0.6541353383458647,0.5459189556943163,0.5213032581453634,0.08894756599370492,0.9586989298331244,16.0,10.0,,,
shrunk_ewma_half_life_16_prior_10,net_wins_diff + cumulative_margin_diff + shrunk_ewma_16_prior_10_diff,0.005,0.6316426788902717,0.21997513022896237,0.7085682641965364,0.6641604010025063,0.5499670195776507,0.5213032581453634,0.19468461126466904,0.883742883085044,16.0,10.0,,,
shrunk_ewma_half_life_16_prior_10,net_wins_diff + cumulative_margin_diff + shrunk_ewma_16_prior_10_diff,0.05,0.6329827932440042,0.21822811893390567,0.7106322996375354,0.6516290726817042,0.5447707440942312,0.5213032581453634,0.0797105480747852,0.9661665559086774,16.0,10.0,,,
shrunk_ewma_half_life_16_prior_10,net_wins_diff + cumulative_margin_diff + shrunk_ewma_16_prior_10_diff,0.003,0.6377995075225682,0.2229921460589915,0.7083668948852195,0.6616541353383458,0.5507766921871955,0.5213032581453634,0.2551926033225964,0.836411731744873,16.0,10.0,,,
shrunk_ewma_half_life_16_prior_20,net_wins_diff + cumulative_margin_diff + shrunk_ewma_16_prior_20_diff,0.01,0.6286682411454146,0.21806188968919643,0.7093485702778896,0.6591478696741855,0.5481175872781253,0.5213032581453634,0.12861838016131122,0.930129408822588,16.0,20.0,,,
shrunk_ewma_half_life_16_prior_20,net_wins_diff + cumulative_margin_diff + shrunk_ewma_16_prior_20_diff,0.0075,0.6290080887277109,0.2184819466160839,0.7089710028191702,0.6541353383458647,0.5488142293977505,0.5213032581453634,0.1494598898907077,0.9158455892173706,16.0,20.0,,,
shrunk_ewma_half_life_16_prior_20,net_wins_diff + cumulative_margin_diff + shrunk_ewma_16_prior_20_diff,0.015,0.6293124330462333,0.2178900416172965,0.7094240837696335,0.656641604010025,0.5471379251136446,0.5213032581453634,0.10638725284330006,0.9449886769219866,16.0,20.0,,,
shrunk_ewma_half_life_16_prior_20,net_wins_diff + cumulative_margin_diff + shrunk_ewma_16_prior_20_diff,0.02,0.6302312702180167,0.21794086626068793,0.7096002819170358,0.6541353383458647,0.5464570764555075,0.5213032581453634,0.09495575097130078,0.9529307580528484,16.0,20.0,,,
shrunk_ewma_half_life_16_prior_20,net_wins_diff + cumulative_margin_diff + shrunk_ewma_16_prior_20_diff,0.005,0.6311270011647027,0.21971899244675835,0.7088199758356825,0.6616541353383458,0.5497191913064923,0.5213032581453634,0.1871811106109419,0.8887220329643897,16.0,20.0,,,
shrunk_ewma_half_life_16_prior_20,net_wins_diff + cumulative_margin_diff + shrunk_ewma_16_prior_20_diff,0.03,0.6317501870364343,0.2181054394538949,0.7096506242448651,0.6541353383458647,0.5454903781807713,0.5213032581453634,0.08354777510440604,0.9611378274398663,16.0,20.0,,,
shrunk_ewma_half_life_16_prior_20,net_wins_diff + cumulative_margin_diff + shrunk_ewma_16_prior_20_diff,0.05,0.6336907309450908,0.2183455533406197,0.7106322996375352,0.6516290726817042,0.5443100221366975,0.5213032581453634,0.07459912194018911,0.9683600431635846,16.0,20.0,,,
shrunk_ewma_half_life_16_prior_20,net_wins_diff + cumulative_margin_diff + shrunk_ewma_16_prior_20_diff,0.003,0.6370909208051737,0.2226551704702754,0.7086186065243656,0.656641604010025,0.5506078305941879,0.5213032581453634,0.24773876181987578,0.8418469871952287,16.0,20.0,,,
shrunk_ewma_half_life_16_prior_40,net_wins_diff + cumulative_margin_diff + shrunk_ewma_16_prior_40_diff,0.01,0.6285203314287889,0.21792276716001766,0.7097261377366089,0.6591478696741855,0.547747416197749,0.5213032581453634,0.12076992575869185,0.9347456188027709,16.0,40.0,,,
shrunk_ewma_half_life_16_prior_40,net_wins_diff + cumulative_margin_diff + shrunk_ewma_16_prior_40_diff,0.0075,0.6286647540226891,0.2182771989648241,0.709323399113975,0.6541353383458647,0.5484823715125903,0.5213032581453634,0.14106841583881996,0.9209914961726792,16.0,40.0,,,
shrunk_ewma_half_life_16_prior_40,net_wins_diff + cumulative_margin_diff + shrunk_ewma_16_prior_40_diff,0.015,0.6294418927004866,0.2178366373760655,0.7097764800644382,0.656641604010025,0.5467274769933851,0.5213032581453634,0.09931011227257167,0.9488085512199684,16.0,40.0,,,
shrunk_ewma_half_life_16_prior_40,net_wins_diff + cumulative_margin_diff + shrunk_ewma_16_prior_40_diff,0.005,0.6305325383127627,0.21942253469818152,0.7090716874748288,0.6641604010025063,0.5494537215640061,0.5213032581453634,0.1782208885633971,0.8945971935898662,16.0,40.0,,,
shrunk_ewma_half_life_16_prior_40,net_wins_diff + cumulative_margin_diff + shrunk_ewma_16_prior_40_diff,0.02,0.6305455949030914,0.21794077545310492,0.7098771647200967,0.6516290726817042,0.546031501108019,0.5213032581453634,0.08838361548831938,0.9560683408685514,16.0,40.0,,,
shrunk_ewma_half_life_16_prior_40,net_wins_diff + cumulative_margin_diff + shrunk_ewma_16_prior_40_diff,0.03,0.6322958654766795,0.2181683854269026,0.7097009665726943,0.6541353383458647,0.5450484778543415,0.5213032581453634,0.07758980634660206,0.963873815272153,16.0,40.0,,,
shrunk_ewma_half_life_16_prior_40,net_wins_diff + cumulative_margin_diff + shrunk_ewma_16_prior_40_diff,0.05,0.6344828841127043,0.21847090830273766,0.7107581554571083,0.6516290726817042,0.5438698833519306,0.5213032581453634,0.06922341033115695,0.9707017021709238,16.0,40.0,,,
shrunk_ewma_half_life_16_prior_40,net_wins_diff + cumulative_margin_diff + shrunk_ewma_16_prior_40_diff,0.003,0.6362704489644598,0.22226533992475397,0.7090465163109142,0.6616541353383458,0.5504302158166008,0.5213032581453634,0.23872749294532714,0.8483351070526983,16.0,40.0,,,
shrunk_ewma_half_life_16_prior_5,net_wins_diff + cumulative_margin_diff + shrunk_ewma_16_prior_5_diff,0.01,0.6289166949487411,0.2182715235066325,0.7090213451469997,0.656641604010025,0.5487722870643003,0.5213032581453634,0.1402291754518068,0.9237269814173413,16.0,5.0,,,
shrunk_ewma_half_life_16_prior_5,net_wins_diff + cumulative_margin_diff + shrunk_ewma_16_prior_5_diff,0.015,0.6291588853767791,0.2179726111424859,0.7091472009665727,0.6591478696741855,0.5478745791046478,0.5213032581453634,0.11710793919381153,0.9398824010871124,16.0,5.0,,,
shrunk_ewma_half_life_16_prior_5,net_wins_diff + cumulative_margin_diff + shrunk_ewma_16_prior_5_diff,0.0075,0.6295386241507559,0.21878878714781758,0.708996173983085,0.6541353383458647,0.5493975650148152,0.5213032581453634,0.1617181966851086,0.9083687417422338,16.0,5.0,,,
shrunk_ewma_half_life_16_prior_5,net_wins_diff + cumulative_margin_diff + shrunk_ewma_16_prior_5_diff,0.02,0.6298059389913834,0.21794320672853987,0.7094492549335482,0.656641604010025,0.5472363801409585,0.5213032581453634,0.10509016456544619,0.9482607764686742,16.0,5.0,,,
shrunk_ewma_half_life_16_prior_5,net_wins_diff + cumulative_margin_diff + shrunk_ewma_16_prior_5_diff,0.03,0.6309784777021874,0.2180109161269295,0.710053362867499,0.6541353383458647,0.5463166649977431,0.5213032581453634,0.09297414354457995,0.9569880376902256,16.0,5.0,,,
shrunk_ewma_half_life_16_prior_5,net_wins_diff + cumulative_margin_diff + shrunk_ewma_16_prior_5_diff,0.005,0.6320251811831211,0.22016399907743264,0.7088451469995972,0.6591478696741855,0.5501892673559519,0.5213032581453634,0.2001149062471372,0.8801489363841589,16.0,5.0,,,
shrunk_ewma_half_life_16_prior_5,net_wins_diff + cumulative_margin_diff + shrunk_ewma_16_prior_5_diff,0.05,0.6325177995136587,0.21814730085661008,0.7106071284736206,0.6541353383458647,0.5451771737566513,0.5213032581453634,0.08348415113885971,0.9646691285207939,16.0,5.0,,,
shrunk_ewma_half_life_16_prior_5,net_wins_diff + cumulative_margin_diff + shrunk_ewma_16_prior_5_diff,0.003,0.6383301819807595,0.22324456032901194,0.7086186065243656,0.656641604010025,0.5509335271439233,0.5213032581453634,0.26061110985813146,0.832459171221568,16.0,5.0,,,
shrunk_ewma_half_life_24_prior_10,net_wins_diff + cumulative_margin_diff + shrunk_ewma_24_prior_10_diff,0.01,0.6289654310147383,0.21828782100732708,0.7080144985904148,0.6591478696741855,0.5483588477962924,0.5213032581453634,0.13083400608193083,0.9283484702454204,24.0,10.0,,,
shrunk_ewma_half_life_24_prior_10,net_wins_diff + cumulative_margin_diff + shrunk_ewma_24_prior_10_diff,0.0075,0.6294332133392414,0.2187557648151096,0.7078131292790979,0.6541353383458647,0.5490580474702668,0.5213032581453634,0.15287786519330593,0.9126451930091887,24.0,10.0,,,
shrunk_ewma_half_life_24_prior_10,net_wins_diff + cumulative_margin_diff + shrunk_ewma_24_prior_10_diff,0.015,0.6295345889734755,0.2180864575838285,0.7087444623439387,0.6591478696741855,0.5473432978632814,0.5213032581453634,0.10735744096961629,0.9446802877956502,24.0,10.0,,,
shrunk_ewma_half_life_24_prior_10,net_wins_diff + cumulative_margin_diff + shrunk_ewma_24_prior_10_diff,0.02,0.6304618218436067,0.21813360036227128,0.7090716874748287,0.656641604010025,0.54662732678119,0.5213032581453634,0.09521758753054942,0.9530822252966562,24.0,10.0,,,
shrunk_ewma_half_life_24_prior_10,net_wins_diff + cumulative_margin_diff + shrunk_ewma_24_prior_10_diff,0.005,0.631842743082917,0.2201040533725123,0.7077627869512686,0.6591478696741855,0.5499542398991211,0.5213032581453634,0.19237338925940756,0.8838616431703928,24.0,10.0,,,
shrunk_ewma_half_life_24_prior_10,net_wins_diff + cumulative_margin_diff + shrunk_ewma_24_prior_10_diff,0.03,0.6320451597919963,0.2183043218079151,0.7095499395892065,0.656641604010025,0.5456213311221613,0.5213032581453634,0.08303479970490442,0.9617426632414678,24.0,10.0,,,
shrunk_ewma_half_life_24_prior_10,net_wins_diff + cumulative_margin_diff + shrunk_ewma_24_prior_10_diff,0.05,0.6340338750842646,0.21854045048663806,0.7099023358840112,0.6441102756892231,0.5443804593262321,0.5213032581453634,0.07361628719817843,0.9691759403355221,24.0,10.0,,,
shrunk_ewma_half_life_24_prior_10,net_wins_diff + cumulative_margin_diff + shrunk_ewma_24_prior_10_diff,0.003,0.6382400675256736,0.2232197543504971,0.7071838501812323,0.6616541353383458,0.5507796576089157,0.5213032581453634,0.25487293051342697,0.8349427460817278,24.0,10.0,,,
shrunk_ewma_half_life_24_prior_20,net_wins_diff + cumulative_margin_diff + shrunk_ewma_24_prior_20_diff,0.01,0.6288873357711149,0.2182198976217549,0.7082410390656464,0.6616541353383458,0.5481174716383447,0.5213032581453634,0.12555654715796244,0.9308545980155607,24.0,20.0,,,
shrunk_ewma_half_life_24_prior_20,net_wins_diff + cumulative_margin_diff + shrunk_ewma_24_prior_20_diff,0.0075,0.6292303291119571,0.21864392121049087,0.7078383004430124,0.6541353383458647,0.5488412416687724,0.5213032581453634,0.14719859061223636,0.9159255415563701,24.0,20.0,,,
shrunk_ewma_half_life_24_prior_20,net_wins_diff + cumulative_margin_diff + shrunk_ewma_24_prior_20_diff,0.015,0.6296305206344995,0.2180741653502087,0.7084172372130486,0.6516290726817042,0.5470751944513057,0.5213032581453634,0.10265074731345636,0.9467931123456346,24.0,20.0,,,
shrunk_ewma_half_life_24_prior_20,net_wins_diff + cumulative_margin_diff + shrunk_ewma_24_prior_20_diff,0.02,0.630672140443032,0.21815496742506862,0.7089458316552557,0.6516290726817042,0.5463490380499361,0.5213032581453634,0.09088417652845601,0.9549679755028224,24.0,20.0,,,
shrunk_ewma_half_life_24_prior_20,net_wins_diff + cumulative_margin_diff + shrunk_ewma_24_prior_20_diff,0.005,0.6314784347823752,0.21992968580989838,0.7070831655255738,0.6591478696741855,0.5497802245267752,0.5213032581453634,0.18627130863352437,0.8876758191505344,24.0,20.0,,,
shrunk_ewma_half_life_24_prior_20,net_wins_diff + cumulative_margin_diff + shrunk_ewma_24_prior_20_diff,0.03,0.6323980159738828,0.21836386632603466,0.7096254530809504,0.6491228070175439,0.5453253134217758,0.5213032581453634,0.07913026285109256,0.9633746058268321,24.0,20.0,,,
shrunk_ewma_half_life_24_prior_20,net_wins_diff + cumulative_margin_diff + shrunk_ewma_24_prior_20_diff,0.05,0.6345372172969194,0.21863755700837464,0.709851993556182,0.6491228070175439,0.5440843052294829,0.5213032581453634,0.07009693335431938,0.9705576857569755,24.0,20.0,,,
shrunk_ewma_half_life_24_prior_20,net_wins_diff + cumulative_margin_diff + shrunk_ewma_24_prior_20_diff,0.003,0.6377294670915272,0.22298078119908749,0.7067307692307692,0.6616541353383458,0.5506645088298247,0.5213032581453634,0.24871775624065282,0.8391618842462456,24.0,20.0,,,
shrunk_ewma_half_life_24_prior_40,net_wins_diff + cumulative_margin_diff + shrunk_ewma_24_prior_40_diff,0.01,0.6287884231018753,0.21813595621617674,0.7080144985904148,0.656641604010025,0.5478671653214848,0.5213032581453634,0.11938163269387572,0.9342980162932213,24.0,40.0,,,
shrunk_ewma_half_life_24_prior_40,net_wins_diff + cumulative_margin_diff + shrunk_ewma_24_prior_40_diff,0.0075,0.6289872422121129,0.2185096473468324,0.7075865888038663,0.6541353383458647,0.5486150925547751,0.5213032581453634,0.1404755301684845,0.9198299001951941,24.0,40.0,,,
shrunk_ewma_half_life_24_prior_40,net_wins_diff + cumulative_margin_diff + shrunk_ewma_24_prior_40_diff,0.015,0.6297285159418265,0.21805284989132437,0.7086941200161094,0.6516290726817042,0.5468014291596799,0.5213032581453634,0.09724868074349813,0.9492195889578888,24.0,40.0,,,
shrunk_ewma_half_life_24_prior_40,net_wins_diff + cumulative_margin_diff + shrunk_ewma_24_prior_40_diff,0.02,0.630896156868415,0.21817056063277523,0.7089206604913411,0.6541353383458647,0.5460695000412013,0.5213032581453634,0.08597829840343739,0.9571033190864573,24.0,40.0,,,
shrunk_ewma_half_life_24_prior_40,net_wins_diff + cumulative_margin_diff + shrunk_ewma_24_prior_40_diff,0.005,0.6310467207937697,0.21972300460911728,0.7071083366894885,0.6541353383458647,0.5495983762535722,0.5213032581453634,0.17894854760631237,0.8922141848643393,24.0,40.0,,,
shrunk_ewma_half_life_24_prior_40,net_wins_diff + cumulative_margin_diff + shrunk_ewma_24_prior_40_diff,0.03,0.6327735740856228,0.21841992717901634,0.709851993556182,0.6491228070175439,0.5450336661267591,0.5213032581453634,0.07480492799847524,0.9651807386525824,24.0,40.0,,,
shrunk_ewma_half_life_24_prior_40,net_wins_diff + cumulative_margin_diff + shrunk_ewma_24_prior_40_diff,0.05,0.635065170851981,0.2187314860649261,0.7098268223922675,0.6491228070175439,0.5438024408520667,0.5213032581453634,0.06629959948186441,0.9720460706579994,24.0,40.0,,,
shrunk_ewma_half_life_24_prior_40,net_wins_diff + cumulative_margin_diff + shrunk_ewma_24_prior_40_diff,0.003,0.6371286083700549,0.22270004499861246,0.7066552557390254,0.6616541353383458,0.5505467384220626,0.5213032581453634,0.24125399196621136,0.8442274882290376,24.0,40.0,,,
shrunk_ewma_half_life_24_prior_5,net_wins_diff + cumulative_margin_diff + shrunk_ewma_24_prior_5_diff,0.01,0.6290200075268968,0.21833390203481962,0.7084424083769632,0.6591478696741855,0.5485791700641639,0.5213032581453634,0.13474500915111853,0.926583288864394,24.0,5.0,,,
shrunk_ewma_half_life_24_prior_5,net_wins_diff + cumulative_margin_diff + shrunk_ewma_24_prior_5_diff,0.015,0.629462049805142,0.21809080301600048,0.7086941200161095,0.6591478696741855,0.5475882238379743,0.5213032581453634,0.11088127109353642,0.9431690183553066,24.0,5.0,,,
shrunk_ewma_half_life_24_prior_5,net_wins_diff + cumulative_margin_diff + shrunk_ewma_24_prior_5_diff,0.0075,0.6295793393896392,0.2188349321200475,0.7081403544099878,0.656641604010025,0.5492568886573013,0.5213032581453634,0.1570659651112346,0.9106724921208591,24.0,5.0,,,
shrunk_ewma_half_life_24_prior_5,net_wins_diff + cumulative_margin_diff + shrunk_ewma_24_prior_5_diff,0.02,0.6303056425158033,0.2181126274716322,0.7092730567861457,0.6591478696741855,0.5468836189448706,0.5213032581453634,0.09848643690880012,0.9517270701335449,24.0,5.0,,,
shrunk_ewma_half_life_24_prior_5,net_wins_diff + cumulative_margin_diff + shrunk_ewma_24_prior_5_diff,0.03,0.6317837662559912,0.21825419490313397,0.7095751107531212,0.6591478696741855,0.545893492298797,0.5213032581453634,0.08601507856189916,0.9605600932482156,24.0,5.0,,,
shrunk_ewma_half_life_24_prior_5,net_wins_diff + cumulative_margin_diff + shrunk_ewma_24_prior_5_diff,0.005,0.6321091162745779,0.22023091526180585,0.7077627869512686,0.656641604010025,0.5501160016041851,0.5213032581453634,0.19685561348729258,0.8810965379167355,24.0,5.0,,,
shrunk_ewma_half_life_24_prior_5,net_wins_diff + cumulative_margin_diff + shrunk_ewma_24_prior_5_diff,0.05,0.6336593437733026,0.21846113484353794,0.7100281917035844,0.6441102756892231,0.5446588226417305,0.5213032581453634,0.07634409378994282,0.9681616855783847,24.0,5.0,,,
shrunk_ewma_half_life_24_prior_5,net_wins_diff + cumulative_margin_diff + shrunk_ewma_24_prior_5_diff,0.003,0.6386210892653273,0.22339814280921014,0.7072341925090617,0.6616541353383458,0.5508926783667457,0.5213032581453634,0.25939905500121624,0.8318511036330384,24.0,5.0,,,
shrunk_ewma_half_life_5_prior_10,net_wins_diff + cumulative_margin_diff + shrunk_ewma_5_prior_10_diff,0.01,0.629760022751941,0.21866546913396787,0.7087192911800242,0.6491228070175439,0.5487998590156776,0.5213032581453634,0.13022476931056196,0.9353217633557049,5.0,10.0,,,
shrunk_ewma_half_life_5_prior_10,net_wins_diff + cumulative_margin_diff + shrunk_ewma_5_prior_10_diff,0.015,0.6301354505658053,0.2185311395070139,0.7080396697543294,0.6516290726817042,0.5481141765581171,0.5213032581453634,0.11114639344800412,0.9476375248928426,5.0,10.0,,,
shrunk_ewma_half_life_5_prior_10,net_wins_diff + cumulative_margin_diff + shrunk_ewma_5_prior_10_diff,0.0075,0.6301469894968399,0.21904471005784953,0.709197543294402,0.6541353383458647,0.5493046420806779,0.5213032581453634,0.1488013448791387,0.9229314802279275,5.0,10.0,,,
shrunk_ewma_half_life_5_prior_10,net_wins_diff + cumulative_margin_diff + shrunk_ewma_5_prior_10_diff,0.02,0.6307745573960412,0.2186220677897475,0.7085179218687072,0.6466165413533834,0.5476707100213132,0.5213032581453634,0.10190209731560794,0.9535309922864031,5.0,10.0,,,
shrunk_ewma_half_life_5_prior_10,net_wins_diff + cumulative_margin_diff + shrunk_ewma_5_prior_10_diff,0.03,0.631894550297673,0.21890238022815164,0.7080648409182441,0.6491228070175439,0.5470740433156027,0.5213032581453634,0.09341935138000937,0.9590694266328752,5.0,10.0,,,
shrunk_ewma_half_life_5_prior_10,net_wins_diff + cumulative_margin_diff + shrunk_ewma_5_prior_10_diff,0.005,0.6320842972935935,0.22016099200263275,0.709726137736609,0.6541353383458647,0.5500472750884733,0.5213032581453634,0.18323710107640603,0.8987891642538571,5.0,10.0,,,
shrunk_ewma_half_life_5_prior_10,net_wins_diff + cumulative_margin_diff + shrunk_ewma_5_prior_10_diff,0.05,0.633455582831605,0.21941429335546722,0.7059001208215867,0.6491228070175439,0.5464165050474881,0.5213032581453634,0.08792104905271053,0.9631268147684748,5.0,10.0,,,
shrunk_ewma_half_life_5_prior_10,net_wins_diff + cumulative_margin_diff + shrunk_ewma_5_prior_10_diff,0.003,0.6375223245856648,0.22285204381173787,0.7097009665726943,0.6616541353383458,0.5508011851502782,0.5213032581453634,0.24040703093856702,0.8552670163179047,5.0,10.0,,,
shrunk_ewma_half_life_5_prior_20,net_wins_diff + cumulative_margin_diff + shrunk_ewma_5_prior_20_diff,0.01,0.6296420377751407,0.2184845266804588,0.7082913813934755,0.6541353383458647,0.5480843750059465,0.5213032581453634,0.11817960293809597,0.9425858696128313,5.0,20.0,,,
shrunk_ewma_half_life_5_prior_20,net_wins_diff + cumulative_margin_diff + shrunk_ewma_5_prior_20_diff,0.0075,0.6297863623362661,0.21879709706531475,0.7087192911800242,0.6541353383458647,0.5487060351075802,0.5213032581453634,0.1369017508458414,0.9305176026197084,5.0,20.0,,,
shrunk_ewma_half_life_5_prior_20,net_wins_diff + cumulative_margin_diff + shrunk_ewma_5_prior_20_diff,0.015,0.630392087675118,0.21843836480500065,0.7083417237213049,0.6491228070175439,0.5472330277662375,0.5213032581453634,0.0987314697482788,0.9546334546175304,5.0,20.0,,,
shrunk_ewma_half_life_5_prior_20,net_wins_diff + cumulative_margin_diff + shrunk_ewma_5_prior_20_diff,0.02,0.6312837655925394,0.2185751240306757,0.7086689488521949,0.6441102756892231,0.5466451897708201,0.5213032581453634,0.08912847012601348,0.9604409530324216,5.0,20.0,,,
shrunk_ewma_half_life_5_prior_20,net_wins_diff + cumulative_margin_diff + shrunk_ewma_5_prior_20_diff,0.005,0.6314391615653597,0.21982514096589553,0.7090968586387435,0.6591478696741855,0.5495862925364916,0.5213032581453634,0.1716263230326461,0.9068515092205812,5.0,20.0,,,
shrunk_ewma_half_life_5_prior_20,net_wins_diff + cumulative_margin_diff + shrunk_ewma_5_prior_20_diff,0.03,0.6327607164231085,0.21891071132634488,0.7085179218687072,0.6416040100250626,0.5458882215106144,0.5213032581453634,0.07979572761588669,0.9660904911189352,5.0,20.0,,,
shrunk_ewma_half_life_5_prior_20,net_wins_diff + cumulative_margin_diff + shrunk_ewma_5_prior_20_diff,0.05,0.6346684106377407,0.21944157139202627,0.7063028594442207,0.6491228070175439,0.5449948696459865,0.5213032581453634,0.07302102022158079,0.9704242419027128,5.0,20.0,,,
shrunk_ewma_half_life_5_prior_20,net_wins_diff + cumulative_margin_diff + shrunk_ewma_5_prior_20_diff,0.003,0.6366460100891416,0.2224316873259985,0.7095751107531212,0.6641604010025063,0.5504900567827975,0.5213032581453634,0.22957155292867057,0.8637156069494429,5.0,20.0,,,
shrunk_ewma_half_life_5_prior_40,net_wins_diff + cumulative_margin_diff + shrunk_ewma_5_prior_40_diff,0.0075,0.6294697950180154,0.21854942048028286,0.7084172372130487,0.6541353383458647,0.5480759245154087,0.5213032581453634,0.12415132330112606,0.9383667846460972,5.0,40.0,,,
shrunk_ewma_half_life_5_prior_40,net_wins_diff + cumulative_margin_diff + shrunk_ewma_5_prior_40_diff,0.01,0.6296082478763987,0.21831188334978235,0.7082913813934756,0.6516290726817042,0.5473466622150186,0.5213032581453634,0.10565083797618043,0.9498678936314446,5.0,40.0,,,
shrunk_ewma_half_life_5_prior_40,net_wins_diff + cumulative_margin_diff + shrunk_ewma_5_prior_40_diff,0.005,0.6307796843725378,0.2194732482074272,0.7086941200161095,0.6591478696741855,0.5490918751442165,0.5213032581453634,0.15870616923827938,0.9155425972705477,5.0,40.0,,,
shrunk_ewma_half_life_5_prior_40,net_wins_diff + cumulative_margin_diff + shrunk_ewma_5_prior_40_diff,0.015,0.6307837604083522,0.2183598170982466,0.7084172372130487,0.6441102756892231,0.546347981746237,0.5213032581453634,0.08639808406157598,0.9613070067911651,5.0,40.0,,,
shrunk_ewma_half_life_5_prior_40,net_wins_diff + cumulative_margin_diff + shrunk_ewma_5_prior_40_diff,0.02,0.631962418285784,0.21854482815072693,0.7088703181635119,0.6466165413533834,0.5456538728928325,0.5213032581453634,0.07683862958996944,0.9668034810740274,5.0,40.0,,,
shrunk_ewma_half_life_5_prior_40,net_wins_diff + cumulative_margin_diff + shrunk_ewma_5_prior_40_diff,0.03,0.6338056009381124,0.2189160271848342,0.7090716874748287,0.6390977443609023,0.5447509450934047,0.5213032581453634,0.06732805734545383,0.9722097033229743,5.0,40.0,,,
shrunk_ewma_half_life_5_prior_40,net_wins_diff + cumulative_margin_diff + shrunk_ewma_5_prior_40_diff,0.003,0.6356957570213944,0.22197509769778234,0.7090716874748288,0.6591478696741855,0.5501534109696079,0.5213032581453634,0.21707366176316142,0.8731977818276524,5.0,40.0,,,
shrunk_ewma_half_life_5_prior_40,net_wins_diff + cumulative_margin_diff + shrunk_ewma_5_prior_40_diff,0.05,0.6360477837549772,0.21942746774191463,0.7073852194925494,0.6441102756892231,0.5436672869894943,0.5213032581453634,0.06011887685008393,0.9764020242704685,5.0,40.0,,,
shrunk_ewma_half_life_5_prior_5,net_wins_diff + cumulative_margin_diff + shrunk_ewma_5_prior_5_diff,0.01,0.6298641299915836,0.21879456459655408,0.7093233991139751,0.6491228070175439,0.54942004448901,0.5213032581453634,0.13976704797926107,0.929361436599244,5.0,5.0,,,
shrunk_ewma_half_life_5_prior_5,net_wins_diff + cumulative_margin_diff + shrunk_ewma_5_prior_5_diff,0.015,0.6299524598219217,0.21857944770542403,0.7079641562625856,0.6516290726817042,0.5488752807360783,0.5213032581453634,0.12114310200026802,0.9417744261370489,5.0,5.0,,,
shrunk_ewma_half_life_5_prior_5,net_wins_diff + cumulative_margin_diff + shrunk_ewma_5_prior_5_diff,0.02,0.6303816324467024,0.21861495106045167,0.7084927507047927,0.6491228070175439,0.54853831685523,0.5213032581453634,0.11234630036091428,0.9476272985591025,5.0,5.0,,,
shrunk_ewma_half_life_5_prior_5,net_wins_diff + cumulative_margin_diff + shrunk_ewma_5_prior_5_diff,0.0075,0.6304305735812973,0.21922700574550288,0.7099023358840113,0.6516290726817042,0.5498531000843191,0.5213032581453634,0.15803942532720214,0.9168638618431257,5.0,5.0,,,
shrunk_ewma_half_life_5_prior_5,net_wins_diff + cumulative_margin_diff + shrunk_ewma_5_prior_5_diff,0.03,0.631209544805121,0.2188191506875678,0.708064840918244,0.6516290726817042,0.5480891110903291,0.5213032581453634,0.10464582361056243,0.9529921790440081,5.0,5.0,,,
shrunk_ewma_half_life_5_prior_5,net_wins_diff + cumulative_margin_diff + shrunk_ewma_5_prior_5_diff,0.05,0.6324251012608856,0.21923885781189165,0.705547724526782,0.6416040100250626,0.5476241050490255,0.5213032581453634,0.1003071330907196,0.9567145099710926,5.0,5.0,,,
shrunk_ewma_half_life_5_prior_5,net_wins_diff + cumulative_margin_diff + shrunk_ewma_5_prior_5_diff,0.005,0.6325898056488417,0.2204196417751419,0.7095751107531213,0.656641604010025,0.5504479525085139,0.5213032581453634,0.19220448971149656,0.8923829377280189,5.0,5.0,,,
shrunk_ewma_half_life_5_prior_5,net_wins_diff + cumulative_margin_diff + shrunk_ewma_5_prior_5_diff,0.003,0.6382081650383501,0.223180431066362,0.7094744260974628,0.6541353383458647,0.551072527258342,0.5213032581453634,0.2486801450973409,0.8486608540691802,5.0,5.0,,,
shrunk_ewma_half_life_8_prior_10,net_wins_diff + cumulative_margin_diff + shrunk_ewma_8_prior_10_diff,0.01,0.6288961030492489,0.2182341907490283,0.7104057591623036,0.6541353383458647,0.5488492961394569,0.5213032581453634,0.13628922434368948,0.9271743631066435,8.0,10.0,,,
shrunk_ewma_half_life_8_prior_10,net_wins_diff + cumulative_margin_diff + shrunk_ewma_8_prior_10_diff,0.015,0.6289738253350534,0.2179334314741851,0.7104309303262183,0.6541353383458647,0.5481248139143847,0.5213032581453634,0.11644430423974986,0.9403477392592171,8.0,10.0,,,
shrunk_ewma_half_life_8_prior_10,net_wins_diff + cumulative_margin_diff + shrunk_ewma_8_prior_10_diff,0.02,0.6293525280867643,0.21787081054020843,0.7099778493757551,0.6541353383458647,0.5476239859731135,0.5213032581453634,0.10667315218451569,0.9467339191152072,8.0,10.0,,,
shrunk_ewma_half_life_8_prior_10,net_wins_diff + cumulative_margin_diff + shrunk_ewma_8_prior_10_diff,0.0075,0.6294691242674072,0.2187099761804131,0.7104812726540475,0.656641604010025,0.5493724945115325,0.5213032581453634,0.1553669628847005,0.9140936488785307,8.0,10.0,,,
shrunk_ewma_half_life_8_prior_10,net_wins_diff + cumulative_margin_diff + shrunk_ewma_8_prior_10_diff,0.03,0.6300449419382257,0.21788872013889746,0.7101792186870721,0.6541353383458647,0.5469739393034417,0.5213032581453634,0.09735948318303506,0.9528862665306549,8.0,10.0,,,
shrunk_ewma_half_life_8_prior_10,net_wins_diff + cumulative_margin_diff + shrunk_ewma_8_prior_10_diff,0.05,0.6309209401536524,0.2179833169146376,0.7106322996375353,0.656641604010025,0.5461498289897366,0.5213032581453634,0.0908966186263237,0.9575223423396012,8.0,10.0,,,
shrunk_ewma_half_life_8_prior_10,net_wins_diff + cumulative_margin_diff + shrunk_ewma_8_prior_10_diff,0.005,0.6316532095873909,0.21994702329394158,0.7106071284736206,0.6541353383458647,0.5501143573922056,0.5213032581453634,0.19027821567850534,0.8890439238281798,8.0,10.0,,,
shrunk_ewma_half_life_8_prior_10,net_wins_diff + cumulative_margin_diff + shrunk_ewma_8_prior_10_diff,0.003,0.6373564042934569,0.2227649351944852,0.7106574708014498,0.6666666666666666,0.5508493404641287,0.5213032581453634,0.2475112064839995,0.8448110755025121,8.0,10.0,,,
shrunk_ewma_half_life_8_prior_20,net_wins_diff + cumulative_margin_diff + shrunk_ewma_8_prior_20_diff,0.01,0.6286975795017373,0.21803481556616894,0.7106574708014498,0.6541353383458647,0.5482520040625846,0.5213032581453634,0.12545507864769906,0.9338341493039732,8.0,20.0,,,
shrunk_ewma_half_life_8_prior_20,net_wins_diff + cumulative_margin_diff + shrunk_ewma_8_prior_20_diff,0.0075,0.629044796900631,0.218442306594837,0.7106071284736206,0.6616541353383458,0.5488675367496765,0.5213032581453634,0.14449302090459085,0.9210740986166096,8.0,20.0,,,
shrunk_ewma_half_life_8_prior_20,net_wins_diff + cumulative_margin_diff + shrunk_ewma_8_prior_20_diff,0.015,0.6291215938051277,0.21782823862979958,0.7107329842931936,0.6541353383458647,0.5474066734765972,0.5213032581453634,0.10553140549895518,0.9467281465616675,8.0,20.0,,,
shrunk_ewma_half_life_8_prior_20,net_wins_diff + cumulative_margin_diff + shrunk_ewma_8_prior_20_diff,0.02,0.629749625859361,0.21782841639817965,0.7099778493757551,0.6541353383458647,0.5468145103713006,0.5213032581453634,0.09563253450180362,0.9529994652011304,8.0,20.0,,,
shrunk_ewma_half_life_8_prior_20,net_wins_diff + cumulative_margin_diff + shrunk_ewma_8_prior_20_diff,0.03,0.6307899449605937,0.217926816698004,0.7101540475231574,0.6541353383458647,0.5460421903728584,0.5213032581453634,0.0859413350753763,0.9591500417509923,8.0,20.0,,,
shrunk_ewma_half_life_8_prior_20,net_wins_diff + cumulative_margin_diff + shrunk_ewma_8_prior_20_diff,0.005,0.6309591387787847,0.21959038917100293,0.7106826419653645,0.6541353383458647,0.5497199993647369,0.5213032581453634,0.17949818157783187,0.8964499942287467,8.0,20.0,,,
shrunk_ewma_half_life_8_prior_20,net_wins_diff + cumulative_margin_diff + shrunk_ewma_8_prior_20_diff,0.05,0.6320702856931724,0.2181078818872331,0.710909182440596,0.6641604010025063,0.5450761063227241,0.5213032581453634,0.07884628334726702,0.9639042035321251,8.0,20.0,,,
shrunk_ewma_half_life_8_prior_20,net_wins_diff + cumulative_margin_diff + shrunk_ewma_8_prior_20_diff,0.003,0.6364337645011469,0.2223214954923918,0.7106322996375352,0.6641604010025063,0.5505852584114926,0.5213032581453634,0.23728274306836455,0.852548714970174,8.0,20.0,,,
shrunk_ewma_half_life_8_prior_40,net_wins_diff + cumulative_margin_diff + shrunk_ewma_8_prior_40_diff,0.01,0.6285502024159946,0.21783155333686935,0.7108588401127667,0.6541353383458647,0.5476199401408074,0.5213032581453634,0.11361869150409533,0.9409412253862264,8.0,40.0,,,
shrunk_ewma_half_life_8_prior_40,net_wins_diff + cumulative_margin_diff + shrunk_ewma_8_prior_40_diff,0.0075,0.628627049867315,0.21815950520510982,0.7106826419653646,0.6591478696741855,0.5483230819969879,0.5213032581453634,0.13238112015787656,0.9286673712996981,8.0,40.0,,,
shrunk_ewma_half_life_8_prior_40,net_wins_diff + cumulative_margin_diff + shrunk_ewma_8_prior_40_diff,0.015,0.6293872765264465,0.21773385203715612,0.7106574708014498,0.6541353383458647,0.5466605504898292,0.5213032581453634,0.0939932123083017,0.9533137858933857,8.0,40.0,,,
shrunk_ewma_half_life_8_prior_40,net_wins_diff + cumulative_margin_diff + shrunk_ewma_8_prior_40_diff,0.005,0.630213292762894,0.2192012358870986,0.7107329842931938,0.6516290726817042,0.5492915799185358,0.5213032581453634,0.1671601379790401,0.9047379342950979,8.0,40.0,,,
shrunk_ewma_half_life_8_prior_40,net_wins_diff + cumulative_margin_diff + shrunk_ewma_8_prior_40_diff,0.02,0.6303087333770888,0.2178045041014037,0.7102799033427305,0.6541353383458647,0.5459875597141047,0.5213032581453634,0.08423820092760785,0.9593112619826932,8.0,40.0,,,
shrunk_ewma_half_life_8_prior_40,net_wins_diff + cumulative_margin_diff + shrunk_ewma_8_prior_40_diff,0.03,0.6317569225544423,0.2179899917329138,0.7105567861457913,0.6541353383458647,0.5451090110590573,0.5213032581453634,0.07454620587356174,0.965249690865365,8.0,40.0,,,
shrunk_ewma_half_life_8_prior_40,net_wins_diff + cumulative_margin_diff + shrunk_ewma_8_prior_40_diff,0.05,0.6335254273206119,0.21826187284898835,0.710707813129279,0.6616541353383458,0.5440711244950559,0.5213032581453634,0.06720846297473392,0.9699351593935137,8.0,40.0,,,
shrunk_ewma_half_life_8_prior_40,net_wins_diff + cumulative_margin_diff + shrunk_ewma_8_prior_40_diff,0.003,0.6354090320534739,0.22182856186017574,0.7107329842931936,0.6666666666666666,0.5502976526252595,0.5213032581453634,0.22529939861256315,0.8614272140590327,8.0,40.0,,,
shrunk_ewma_half_life_8_prior_5,net_wins_diff + cumulative_margin_diff + shrunk_ewma_8_prior_5_diff,0.015,0.6289115955919503,0.21801043447070845,0.7105819573097059,0.6541353383458647,0.5487211048204718,0.5213032581453634,0.12450937566742125,0.9355869718973193,8.0,5.0,,,
shrunk_ewma_half_life_8_prior_5,net_wins_diff + cumulative_margin_diff + shrunk_ewma_8_prior_5_diff,0.01,0.629069131378753,0.21838224364844971,0.7103554168344743,0.656641604010025,0.5493513613675348,0.5213032581453634,0.14432151528377724,0.9221822065663182,8.0,5.0,,,
shrunk_ewma_half_life_8_prior_5,net_wins_diff + cumulative_margin_diff + shrunk_ewma_8_prior_5_diff,0.02,0.6291264233460441,0.217900134346806,0.7104561014901328,0.6541353383458647,0.5482917619862308,0.5213032581453634,0.11480196074949701,0.9420829730529034,8.0,5.0,,,
shrunk_ewma_half_life_8_prior_5,net_wins_diff + cumulative_margin_diff + shrunk_ewma_8_prior_5_diff,0.03,0.6295964387468784,0.21785388464473207,0.7103805879983891,0.6541353383458647,0.5477319301606353,0.5213032581453634,0.10568327065538516,0.9482959295341031,8.0,5.0,,,
shrunk_ewma_half_life_8_prior_5,net_wins_diff + cumulative_margin_diff + shrunk_ewma_8_prior_5_diff,0.0075,0.6297977754503629,0.21890698788796378,0.7103554168344745,0.6591478696741855,0.5498244088213718,0.5213032581453634,0.16333188181802247,0.9089417201964243,8.0,5.0,,,
shrunk_ewma_half_life_8_prior_5,net_wins_diff + cumulative_margin_diff + shrunk_ewma_8_prior_5_diff,0.05,0.6302144358569297,0.21787244067921988,0.7102799033427305,0.6541353383458647,0.5469930807438983,0.5213032581453634,0.09955193795889257,0.9529244149242585,8.0,5.0,,,
shrunk_ewma_half_life_8_prior_5,net_wins_diff + cumulative_margin_diff + shrunk_ewma_8_prior_5_diff,0.005,0.6321840701648656,0.22021665366783225,0.7105064438179621,0.6516290726817042,0.5504531115931836,0.5213032581453634,0.1982950765618469,0.883467293096142,8.0,5.0,,,
shrunk_ewma_half_life_8_prior_5,net_wins_diff + cumulative_margin_diff + shrunk_ewma_8_prior_5_diff,0.003,0.6380675667342455,0.22310646470297316,0.7101540475231575,0.6641604010025063,0.5510815878017842,0.5213032581453634,0.2551527631905733,0.8389586667884706,8.0,5.0,,,
three_signal_champion,net_wins_diff + cumulative_margin_diff + recent_margin_evidence_diff,0.0075,0.6275285563144087,0.21748082407340277,0.7109846959323398,0.6541353383458647,0.5471947483912913,0.5213032581453634,0.11053771276170819,0.9401307854675001,,,,,
three_signal_champion,net_wins_diff + cumulative_margin_diff + recent_margin_evidence_diff,0.01,0.6280778528897415,0.21734688409771516,0.7106322996375352,0.6591478696741855,0.5463697165294432,0.5213032581453634,0.09326942678662799,0.9512405943494926,,,,,
three_signal_champion,net_wins_diff + cumulative_margin_diff + recent_margin_evidence_diff,0.005,0.6283730051996717,0.21827293832115446,0.710783326621023,0.656641604010025,0.5483739120141806,0.5213032581453634,0.14365503989513892,0.9178445186663806,,,,,
three_signal_champion,net_wins_diff + cumulative_margin_diff + recent_margin_evidence_diff,0.015,0.6298551781962786,0.21751745327360072,0.7107581554571083,0.6641604010025063,0.5452901822750006,0.5213032581453634,0.07593620988915147,0.9620801498356666,,,,,
three_signal_champion,net_wins_diff + cumulative_margin_diff + recent_margin_evidence_diff,0.02,0.6314420896950493,0.2177628490067247,0.7108588401127668,0.6666666666666666,0.544603370271475,0.5213032581453634,0.06762066743554042,0.9672180888983307,,,,,
three_signal_champion,net_wins_diff + cumulative_margin_diff + recent_margin_evidence_diff,0.003,0.6330184811689024,0.22069269753479145,0.7106071284736206,0.6641604010025063,0.5496741379061792,0.5213032581453634,0.2015594310346497,0.8758909277081488,,,,,
three_signal_champion,net_wins_diff + cumulative_margin_diff + recent_margin_evidence_diff,0.03,0.6336872773115013,0.21813915369404627,0.7112364075714861,0.6616541353383458,0.5436943478163723,0.5213032581453634,0.05999509911110978,0.9720145566999242,,,,,
three_signal_champion,net_wins_diff + cumulative_margin_diff + recent_margin_evidence_diff,0.05,0.6362734533685748,0.21857488302532807,0.7119160289971809,0.6591478696741855,0.5426916853951969,0.5213032581453634,0.054946713877133055,0.975832132815233,,,,,
