game_id,game_date,away,home,official_home_win_probability,model_uncertainty_2_5_percent,model_uncertainty_5_percent,bootstrap_median,model_uncertainty_95_percent,model_uncertainty_97_5_percent,interval_width_90_percent,bootstrap_replicates
0022501003,2026-04-01,NYK,MEM,0.158734,0.120415,0.125771,0.159462,0.193354,0.200112,0.067583,250
0022501105,2026-04-01,PHI,WAS,0.172852,0.134010,0.138893,0.174253,0.210737,0.215549,0.071843,250
0022501106,2026-04-01,BOS,MIA,0.356139,0.316174,0.325584,0.354624,0.386335,0.391849,0.060751,250
0022501107,2026-04-01,ATL,ORL,0.420428,0.385559,0.393493,0.419680,0.451256,0.455590,0.057763,250
0022501108,2026-04-01,SAC,TOR,0.904227,0.871423,0.875070,0.903437,0.925708,0.930328,0.050638,250
0022501109,2026-04-01,IND,CHI,0.692274,0.656356,0.663698,0.693050,0.720981,0.723342,0.057283,250
0022501110,2026-04-01,MIL,HOU,0.866969,0.832583,0.838003,0.866167,0.891910,0.898032,0.053908,250
0022501112,2026-04-01,DEN,UTA,0.131777,0.096110,0.101702,0.132711,0.166695,0.172634,0.064994,250
0022501113,2026-04-01,SAS,GSW,0.170688,0.130117,0.137976,0.171116,0.206265,0.210613,0.068289,250
0022501114,2026-04-02,PHX,CHA,0.668963,0.639407,0.645367,0.667341,0.695905,0.702660,0.050537,250
0022501115,2026-04-02,MIN,DET,0.724880,0.691875,0.698840,0.724230,0.751314,0.757685,0.052474,250
0022501116,2026-04-02,LAL,OKC,0.761219,0.723764,0.730513,0.760509,0.789905,0.794840,0.059392,250
0022501117,2026-04-02,CLE,GSW,0.341975,0.300617,0.309614,0.339994,0.371823,0.377326,0.062209,250
0022501118,2026-04-02,NOP,POR,0.752435,0.716245,0.724623,0.752175,0.780397,0.785444,0.055774,250
0022501119,2026-04-02,SAS,LAC,0.256811,0.212795,0.222047,0.256703,0.292386,0.299700,0.070339,250
0022501120,2026-04-03,IND,CHA,0.920835,0.890728,0.895467,0.919886,0.940437,0.945059,0.044970,250
0022501121,2026-04-03,MIN,PHI,0.406768,0.368162,0.378046,0.405929,0.434106,0.439060,0.056060,250
0022501122,2026-04-03,ATL,BKN,0.120269,0.086151,0.091300,0.120898,0.153789,0.157554,0.062489,250
0022501123,2026-04-03,CHI,NYK,0.872349,0.837970,0.841858,0.872116,0.896518,0.903008,0.054660,250
0022501124,2026-04-03,UTA,HOU,0.898466,0.864386,0.867166,0.897781,0.920992,0.925660,0.053826,250
0022501125,2026-04-03,TOR,MEM,0.232295,0.188749,0.196885,0.232326,0.267270,0.271876,0.070385,250
0022501126,2026-04-03,BOS,MIL,0.136549,0.100546,0.106376,0.137100,0.170717,0.174812,0.064340,250
0022501127,2026-04-03,ORL,DAL,0.278649,0.234365,0.244112,0.277860,0.312885,0.319665,0.068773,250
0022501128,2026-04-03,NOP,SAC,0.338188,0.295860,0.306955,0.336761,0.368443,0.374130,0.061489,250
0022501129,2026-04-04,WAS,MIA,0.905858,0.872778,0.877199,0.905072,0.926825,0.931692,0.049626,250
0022501130,2026-04-04,SAS,DEN,0.355963,0.314825,0.323447,0.354408,0.386159,0.390893,0.062712,250
0022501131,2026-04-04,DET,PHI,0.245152,0.200552,0.211322,0.244588,0.279421,0.284238,0.068098,250
0022501132,2026-04-05,TOR,BOS,0.702559,0.669453,0.677006,0.703097,0.729594,0.734907,0.052588,250
0022501133,2026-04-05,WAS,BKN,0.589406,0.562610,0.565958,0.589665,0.610904,0.614838,0.044945,250
0022501134,2026-04-05,PHX,CHI,0.281005,0.236690,0.247630,0.279641,0.314430,0.318237,0.066800,250
0022501135,2026-04-05,MEM,MIL,0.552471,0.522938,0.528185,0.552323,0.575297,0.580180,0.047112,250
0022501136,2026-04-05,IND,CLE,0.908901,0.874980,0.878782,0.907967,0.930213,0.934760,0.051431,250
0022501137,2026-04-05,CHA,MIN,0.493576,0.458143,0.462216,0.493464,0.524779,0.531891,0.062563,250
0022501138,2026-04-05,ORL,NOP,0.377569,0.330535,0.343337,0.377393,0.413505,0.416986,0.070168,250
0022501139,2026-04-05,UTA,OKC,0.960595,0.936880,0.940007,0.959993,0.973359,0.976170,0.033352,250
0022501140,2026-04-05,LAL,DAL,0.159603,0.121458,0.125297,0.160303,0.195289,0.200515,0.069992,250
0022501141,2026-04-05,LAC,SAC,0.153729,0.115288,0.122217,0.154231,0.188838,0.193646,0.066620,250
0022501142,2026-04-05,HOU,GSW,0.350171,0.308585,0.318742,0.348302,0.379342,0.385773,0.060600,250
0022501143,2026-04-06,NYK,ATL,0.470633,0.436668,0.444518,0.469568,0.498173,0.503307,0.053656,250
0022501144,2026-04-06,DET,ORL,0.249214,0.204897,0.214917,0.248559,0.283714,0.287867,0.068797,250
0022501145,2026-04-06,CLE,MEM,0.188957,0.148371,0.154575,0.189154,0.224152,0.230897,0.069578,250
0022501146,2026-04-06,PHI,SAS,0.862988,0.829457,0.833668,0.861825,0.887714,0.895552,0.054046,250
0022501147,2026-04-06,POR,DEN,0.697477,0.660857,0.669524,0.697579,0.726083,0.728554,0.056560,250
0022501148,2026-04-07,CHI,WAS,0.316780,0.275159,0.284703,0.315761,0.349524,0.355357,0.064822,250
0022501149,2026-04-07,CHA,BOS,0.609367,0.572529,0.578165,0.608807,0.639499,0.644683,0.061334,250
0022501150,2026-04-07,MIL,BKN,0.394371,0.352548,0.361755,0.393365,0.424641,0.429604,0.062887,250
0022501151,2026-04-07,MIA,TOR,0.598003,0.571497,0.574089,0.597895,0.619739,0.626938,0.045650,250
0022501152,2026-04-07,MIN,IND,0.146346,0.108315,0.112901,0.147621,0.184001,0.189412,0.071101,250
0022501153,2026-04-07,UTA,NOP,0.695168,0.666933,0.670428,0.694792,0.720981,0.727728,0.050552,250
0022501154,2026-04-07,SAC,GSW,0.836238,0.797699,0.804126,0.835848,0.863731,0.869689,0.059605,250
0022501155,2026-04-07,OKC,LAL,0.328192,0.288059,0.295411,0.328194,0.363877,0.368454,0.068465,250
0022501156,2026-04-07,DAL,LAC,0.846456,0.812038,0.816599,0.845118,0.872283,0.881288,0.055685,250
0022501157,2026-04-07,HOU,PHX,0.482303,0.450425,0.458851,0.481678,0.507226,0.511953,0.048375,250
0022501158,2026-04-08,ATL,CLE,0.586552,0.555478,0.562126,0.586261,0.610043,0.612943,0.047917,250
0022501159,2026-04-08,MIN,ORL,0.412047,0.373633,0.382790,0.410804,0.438419,0.443688,0.055628,250
0022501160,2026-04-08,MIL,DET,0.928522,0.899915,0.903767,0.927642,0.947076,0.951152,0.043309,250
0022501161,2026-04-08,POR,SAS,0.838856,0.800714,0.807000,0.838241,0.865866,0.872111,0.058867,250
0022501162,2026-04-08,MEM,DEN,0.882013,0.847973,0.852027,0.881600,0.906725,0.911776,0.054698,250
0022501163,2026-04-08,OKC,LAC,0.247221,0.202304,0.210293,0.247918,0.286202,0.294523,0.075909,250
0022501164,2026-04-08,DAL,PHX,0.850227,0.815983,0.819823,0.849880,0.876636,0.882788,0.056813,250
0022501165,2026-04-09,MIA,TOR,0.598003,0.571497,0.574089,0.597895,0.619739,0.626938,0.045650,250
0022501166,2026-04-09,CHI,WAS,0.316780,0.275159,0.284703,0.315761,0.349524,0.355357,0.064822,250
0022501167,2026-04-09,IND,BKN,0.490169,0.462880,0.466537,0.489794,0.515508,0.519709,0.048971,250
0022501168,2026-04-09,BOS,NYK,0.513937,0.484794,0.490315,0.513948,0.536021,0.539996,0.045706,250
0022501169,2026-04-09,PHI,HOU,0.706379,0.677312,0.681537,0.705593,0.732277,0.738881,0.050739,250
0022501170,2026-04-09,LAL,GSW,0.333195,0.290923,0.299303,0.332189,0.364788,0.370300,0.065485,250
0022501171,2026-04-10,DET,CHA,0.430797,0.386806,0.395839,0.429912,0.468035,0.470820,0.072197,250
0022501172,2026-04-10,MIA,WAS,0.139305,0.102238,0.108614,0.139760,0.174613,0.182115,0.065999,250
0022501173,2026-04-10,CLE,ATL,0.523301,0.492039,0.498649,0.523026,0.549282,0.554215,0.050633,250
0022501174,2026-04-10,NOP,BOS,0.879769,0.841388,0.846941,0.879289,0.904414,0.909517,0.057472,250
0022501175,2026-04-10,PHI,IND,0.237813,0.192697,0.200955,0.238915,0.276162,0.283891,0.075207,250
0022501176,2026-04-10,TOR,NYK,0.666806,0.635640,0.643524,0.667315,0.690996,0.697841,0.047472,250
0022501177,2026-04-10,ORL,CHI,0.354969,0.314637,0.323764,0.353958,0.385391,0.391073,0.061627,250
0022501178,2026-04-10,MIN,HOU,0.569306,0.543726,0.545586,0.569147,0.592161,0.595145,0.046574,250
0022501179,2026-04-10,BKN,MIL,0.705157,0.668741,0.676759,0.705897,0.733196,0.736559,0.056437,250
0022501180,2026-04-10,DAL,SAS,0.952174,0.928647,0.931286,0.951502,0.966878,0.969404,0.035593,250
0022501181,2026-04-10,MEM,UTA,0.476214,0.442713,0.450569,0.474784,0.503116,0.508301,0.052547,250
0022501182,2026-04-10,OKC,DEN,0.344386,0.302611,0.311478,0.344172,0.376932,0.382266,0.065454,250
0022501183,2026-04-10,LAC,POR,0.519333,0.491881,0.496119,0.519058,0.540952,0.546488,0.044833,250
0022501184,2026-04-10,GSW,SAC,0.233707,0.190588,0.198996,0.233938,0.271906,0.279035,0.072910,250
0022501185,2026-04-10,PHX,LAL,0.643205,0.613892,0.618664,0.642834,0.667322,0.670564,0.048657,250
0022501186,2026-04-12,ORL,BOS,0.780548,0.748090,0.751578,0.779774,0.807137,0.815085,0.055559,250
0022501187,2026-04-12,WAS,CLE,0.937093,0.908263,0.911751,0.936460,0.954240,0.957416,0.042489,250
0022501188,2026-04-12,DET,IND,0.075101,0.048213,0.053202,0.076133,0.104419,0.106714,0.051217,250
0022501189,2026-04-12,ATL,MIA,0.478184,0.450110,0.456229,0.477827,0.505836,0.508583,0.049607,250
0022501190,2026-04-12,CHA,NYK,0.569280,0.535837,0.540012,0.567928,0.598190,0.603328,0.058178,250
0022501191,2026-04-12,MIL,PHI,0.771723,0.737604,0.743087,0.770909,0.799125,0.806424,0.056038,250
0022501192,2026-04-12,BKN,TOR,0.908854,0.877704,0.880561,0.908142,0.930504,0.934528,0.049943,250
0022501193,2026-04-12,CHI,DAL,0.466947,0.435271,0.440998,0.465756,0.491336,0.495276,0.050338,250
0022501194,2026-04-12,MEM,HOU,0.865714,0.830595,0.834461,0.865292,0.891040,0.896794,0.056579,250
0022501195,2026-04-12,NOP,MIN,0.820522,0.779487,0.785655,0.820651,0.849329,0.852875,0.063674,250
0022501196,2026-04-12,PHX,OKC,0.821593,0.781927,0.788917,0.821555,0.849764,0.854413,0.060847,250
0022501197,2026-04-12,DEN,SAS,0.738064,0.704611,0.711419,0.736542,0.764976,0.771844,0.053557,250
0022501198,2026-04-12,UTA,LAL,0.905148,0.871888,0.875810,0.904530,0.927307,0.930570,0.051497,250
0022501199,2026-04-12,GSW,LAC,0.676920,0.648788,0.652923,0.675589,0.703272,0.710814,0.050349,250
0022501200,2026-04-12,SAC,POR,0.881271,0.847728,0.852223,0.880659,0.905464,0.911117,0.053241,250
